id,start_bce,end_bce,age_policy,age_min_if_born_650_bce,age_max_if_born_650_bce,date_ja,date_bn,title_ja,title_bn,summary_ja,summary_bn,bible_refs,source_ids,note_ja,note_bn,bible_urls,source_urls,age_display_ja,age_display_bn
1,930,930,before,,,前930年ごろ,প্রায় ৯৩০ খ্রিষ্টপূর্ব,王国分裂：北イスラエルと南ユダ,রাজ্য বিভক্ত: উত্তর ইস্রায়েল ও দক্ষিণ যিহূদা,ソロモンの後、レハブアムとヤロブアムの時代に王国が分裂。列王記第一はエレミヤ以前の背景を示す。,শলোমনের পরে রহবিয়াম ও যারবিয়ামের সময় রাজ্য ভাগ হয়। ১ রাজাবলি যিরমিয়ের যুগের আগের পটভূমি জানায়।,1 Kings 11:26-40;1 Kings 12:1-24,,慣用的な概算年代。エレミヤの活動ではない。,প্রচলিত আনুমানিক কাল; যিরমিয়ের নিজের জীবনের ঘটনা নয়।,https://www.biblegateway.com/passage/?search=1%20Kings%2011%3A26-40&version=KJV;https://www.biblegateway.com/passage/?search=1%20Kings%2012%3A1-24&version=KJV,,出生前,জন্মের আগে
2,722,720,before,,,前722～720年ごろ,প্রায় ৭২২–৭২০ খ্রিষ্টপূর্ব,北王国の終わり,উত্তর রাজ্যের পতন,ホシェア王の時代にサマリアが陥落し住民が移送される。以後、この年表の王たちは主として南王国ユダの王。,হোশেয়ের সময় শমরিয়া পতিত হয় এবং লোকজন নির্বাসিত হয়। পরবর্তী ঘটনাগুলোর রাজারা মূলত দক্ষিণের যিহূদার রাজা।,2 Kings 17:1-23,,陥落とその後の鎮圧を含む概算幅。,পতন ও পরবর্তী দমন অভিযানের আনুমানিক সময়সীমা।,https://www.biblegateway.com/passage/?search=2%20Kings%2017%3A1-23&version=KJV,,出生前,জন্মের আগে
3,650,650,birth,0,0,前650年ごろ〔仮定〕,প্রায় ৬৫০ খ্রিষ্টপূর্ব [অনুমান],エレミヤの生年を仮置きする,যিরমিয়ের জন্মসালের অনুমান,エレミヤはアナトテの祭司ヒルキヤの子。聖書は出生年を記さない。本年表だけの年齢計算用に前650年を仮定する。,যিরমিয় অনাথোতের যাজক হিল্কিয়ের পুত্র। বাইবেলে তাঁর জন্মসাল নেই। এই কালপঞ্জির বয়স হিসাবের জন্য শুধু ৬৫০ খ্রিষ্টপূর্ব ধরে নেওয়া হয়েছে।,Jeremiah 1:1-6,,史料で確認された生年ではない。,এটি ঐতিহাসিকভাবে প্রতিষ্ঠিত জন্মসাল নয়।,https://www.biblegateway.com/passage/?search=Jeremiah%201%3A1-6&version=KJV,,約0歳,প্রায় ০ বছর
4,642,640,calc,8,10,前642～640年ごろ,প্রায় ৬৪২–৬৪০ খ্রিষ্টপূর্ব,アモンの治世と暗殺,আমোনের রাজত্ব ও হত্যা,マナセの子アモンが2年統治し、家来に殺される。民はその子ヨシヤを王にする。,মনঃশির পুত্র আমোন দুই বছর রাজত্বের পরে কর্মচারীদের হাতে নিহত হন। জনগণ তাঁর পুত্র যোশিয়কে রাজা করে।,2 Kings 21:19-26,,ユダ王の在位年を西暦紀元に換算した概算。,যিহূদার রাজত্বকাল থেকে নির্ণীত আনুমানিক সাল।,https://www.biblegateway.com/passage/?search=2%20Kings%2021%3A19-26&version=KJV,,約8–10歳,প্রায় ৮–১০ বছর
5,640,640,calc,10,10,前640年ごろ,প্রায় ৬৪০ খ্রিষ্টপূর্ব,ヨシヤが即位,যোশিয় রাজা হন,8歳のヨシヤが即位し31年間統治する。エレミヤの召命はこの王の治世に置かれる。,আট বছর বয়সে যোশিয় রাজা হন এবং ৩১ বছর রাজত্ব করেন। তাঁর রাজত্বকালেই যিরমিয় আহ্বান পান।,2 Kings 22:1;Jeremiah 1:2,,前640～609年ごろの治世。,রাজত্ব আনুমানিক ৬৪০–৬০৯ খ্রিষ্টপূর্ব।,https://www.biblegateway.com/passage/?search=2%20Kings%2022%3A1&version=KJV;https://www.biblegateway.com/passage/?search=Jeremiah%201%3A2&version=KJV,,約10歳,প্রায় ১০ বছর
6,627,626,calc,23,24,前627／626年ごろ,প্রায় ৬২৭/৬২৬ খ্রিষ্টপূর্ব,預言者としての召命,ভাববাদী হিসেবে আহ্বান,ヨシヤ第13年に召命を受ける。若さを理由にためらうエレミヤに、諸国への言葉と北から来る災いの幻が与えられる。,যোশিয়ের ত্রয়োদশ বছরে যিরমিয় আহ্বান পান। অল্পবয়সের কথা বলে দ্বিধা করলেও তিনি জাতিগুলোর প্রতি বার্তা এবং উত্তর থেকে বিপদের দর্শন পান।,Jeremiah 1:2-19,,「若い者」は厳密な年齢を示さない。暦換算により1年程度の差が生じる。,“অল্পবয়স্ক” শব্দটি নির্দিষ্ট বয়স জানায় না। বর্ষগণনায় প্রায় এক বছরের পার্থক্য হয়।,https://www.biblegateway.com/passage/?search=Jeremiah%201%3A2-19&version=KJV,,約23–24歳,প্রায় ২৩–২৪ বছর
7,622,622,calc,28,28,前622年ごろ,প্রায় ৬২২ খ্রিষ্টপূর্ব,律法の書の発見とヨシヤの改革,ব্যবস্থার বই আবিষ্কার ও যোশিয়ের সংস্কার,ヨシヤ第18年、神殿で書が見つかり、契約更新、偶像礼拝の除去、過越祭が行われる。本文はエレミヤが改革を指揮したとは述べない。,"যোশিয়ের অষ্টাদশ বছরে মন্দিরে বই পাওয়া যায়; চুক্তি নবায়ন, প্রতিমাপূজা অপসারণ ও নিস্তারপর্ব পালিত হয়। যিরমিয় এই সংস্কারের নেতৃত্ব দিয়েছিলেন বলে পাঠে বলা নেই।",2 Kings 22:3-23:25,,列王記の相対年代を換算。,রাজাবলির আপেক্ষিক কাল থেকে গণনা।,https://www.biblegateway.com/passage/?search=2%20Kings%2022%3A3-23%3A25&version=KJV,,約28歳,প্রায় ২৮ বছর
8,612,612,calc,38,38,前612年,৬১২ খ্রিষ্টপূর্ব,ニネベ陥落,নীনবীর পতন,バビロニアとメディアの軍がアッシリアの中心都市ニネベを攻略する。ユダを取り巻く勢力の均衡が変わる。,বাবিলীয় ও মাদীয় বাহিনী অশূরের প্রধান নগর নীনবী দখল করে। যিহূদার চারপাশে শক্তির ভারসাম্য বদলে যায়।,,A3,エレミヤ本人の行動を記す資料ではない。,এই নথি যিরমিয়ের ব্যক্তিগত কাজের সাক্ষ্য নয়।,,https://artsandculture.google.com/asset/cuneiform-tablet-with-part-of-the-babylonian-chronicle-616-609-bc/xAEPSobA2ozDxw?hl=en,約38歳,প্রায় ৩৮ বছর
9,609,609,calc,41,41,前609年,৬০৯ খ্রিষ্টপূর্ব,ヨシヤの死、エホアハズとエホヤキム,যোশিয়ের মৃত্যু; যিহোয়াহস ও যিহোয়াকীম,ヨシヤはメギドでネコに殺される。エホアハズの3か月の治世後、ネコがエルヤキムをエホヤキムと改名して王に立てる。,মগিদ্দোতে নখোর হাতে যোশিয় নিহত হন। যিহোয়াহস তিন মাস রাজত্ব করেন; পরে নখো ইলিয়াকীমকে যিহোয়াকীম নাম দিয়ে রাজা করেন।,2 Kings 23:29-35;Jeremiah 22:10-12,,エレミヤ22章のシャルムは通常エホアハズと同定される。,যিরমিয় ২২-এর শল্লুমকে সাধারণত যিহোয়াহস হিসেবে চিহ্নিত করা হয়।,https://www.biblegateway.com/passage/?search=2%20Kings%2023%3A29-35&version=KJV;https://www.biblegateway.com/passage/?search=Jeremiah%2022%3A10-12&version=KJV,,約41歳,প্রায় ৪১ বছর
10,609,608,calc,41,42,前609～608年ごろ,প্রায় ৬০৯–৬০৮ খ্রিষ্টপূর্ব,神殿での警告と裁判,মন্দিরে সতর্কবার্তা ও বিচার,エホヤキムの治世初め、神殿もシロのようになると警告し、死刑を要求される。アヒカムの保護により処刑を免れる。,যিহোয়াকীমের রাজত্বের শুরুতে মন্দির শীলোর মতো হবে বলে সতর্ক করলে তাঁর মৃত্যুদণ্ড দাবি করা হয়। অহীকামের সহায়তায় তিনি রক্ষা পান।,Jeremiah 26:1-24;Jeremiah 7:1-15,,7章と26章の関連は強いが、7章自体に日付はなく同一の説教と断定しない。,৭ ও ২৬ অধ্যায় সম্পর্কিত হলেও ৭ অধ্যায় তারিখহীন; একই বক্তৃতা বলে নিশ্চিত করা যায় না।,https://www.biblegateway.com/passage/?search=Jeremiah%2026%3A1-24&version=KJV;https://www.biblegateway.com/passage/?search=Jeremiah%207%3A1-15&version=KJV,,約41–42歳,প্রায় ৪১–৪২ বছর
11,605,605,calc,45,45,前605年,৬০৫ খ্রিষ্টপূর্ব,カルケミシュの戦いと王位継承,কর্কমীশের যুদ্ধ ও সিংহাসন গ্রহণ,ネブカドネツァル率いる軍がエジプト軍を破る。同年、父ナボポラッサルの死後に彼が王となる。,নবূখদ্‌নিৎসরের বাহিনী মিশরীয়দের পরাজিত করে। একই বছর পিতা নবোপলাসরের মৃত্যুর পরে তিনি রাজা হন।,Jeremiah 46:2,A1;A2,年代記と聖書を照合できる国際事件。,এটি বাইবেল ও বাবিলীয় বর্ষপঞ্জিতে মিলিয়ে দেখা যায়।,https://www.biblegateway.com/passage/?search=Jeremiah%2046%3A2&version=KJV,https://www.britishmuseum.org/collection/object/W_1896-0409-51;https://www.livius.org/sources/content/mesopotamian-chronicles-content/abc-5-jerusalem-chronicle/,約45歳,প্রায় ৪৫ বছর
12,605,605,calc,45,45,前605年ごろ,প্রায় ৬০৫ খ্রিষ্টপূর্ব,70年の警告とバルクへの口述,সত্তর বছরের সতর্কবার্তা ও বারূককে লিখন নির্দেশ,エホヤキム第4年、バビロンへの隷属とその後の裁きを告げる。バルクが預言を書き留める。,যিহোয়াকীমের চতুর্থ বছরে বাবিলের অধীনতা এবং পরে বাবিলের বিচার ঘোষণা করা হয়। বারূক ভাববাণী লিখে নেন।,Jeremiah 25:1-14;Jeremiah 36:1-8;Jeremiah 45:1-5,,70年の起点・終点の解釈と、出来事の絶対年代の確定は別問題。,সত্তর বছরের শুরু-শেষের ব্যাখ্যা ও ঘটনার নির্দিষ্ট সাল নির্ণয় আলাদা বিষয়।,https://www.biblegateway.com/passage/?search=Jeremiah%2025%3A1-14&version=KJV;https://www.biblegateway.com/passage/?search=Jeremiah%2036%3A1-8&version=KJV;https://www.biblegateway.com/passage/?search=Jeremiah%2045%3A1-5&version=KJV,,約45歳,প্রায় ৪৫ বছর
13,604,604,calc,46,46,前604年ごろ・第9月,"প্রায় ৬০৪ খ্রিষ্টপূর্ব, নবম মাস",王が巻物を焼く,রাজা পুঁথি পুড়িয়ে দেন,エホヤキム第5年、バルクが巻物を朗読。王はそれを切って火に投じる。エレミヤは再び口述し、さらに言葉が加えられる。,যিহোয়াকীমের পঞ্চম বছরে বারূক পুঁথি পড়েন। রাজা সেটি কেটে আগুনে ফেলেন। যিরমিয় আবার লিখিয়ে নেন এবং আরও বার্তা যোগ হয়।,Jeremiah 36:9-32,,前605年の口述と翌年の焼却を分けて記す。,৬০৫-এর লিখন ও পরের বছরের দহন পৃথক ঘটনা।,https://www.biblegateway.com/passage/?search=Jeremiah%2036%3A9-32&version=KJV,,約46歳,প্রায় ৪৬ বছর
14,601,601,calc,49,49,前601年,৬০১ খ্রিষ্টপূর্ব,バビロニアとエジプトの消耗戦,বাবিল ও মিশরের ক্ষয়ক্ষতির যুদ্ধ,年代記は両軍の大きな損害とバビロニア軍の帰還を記す。ユダの反乱を考える背景となる。,বর্ষপঞ্জি উভয় পক্ষের ব্যাপক ক্ষতি এবং বাবিলীয় বাহিনীর প্রত্যাবর্তন জানায়। এটি যিহূদার বিদ্রোহের প্রেক্ষাপট বুঝতে সাহায্য করে।,2 Kings 24:1-2,A2,エホヤキムの反乱をこの年に直結させるのは歴史的推定。,যিহোয়াকীমের বিদ্রোহকে এই নির্দিষ্ট বছরের সঙ্গে যুক্ত করা একটি ঐতিহাসিক অনুমান।,https://www.biblegateway.com/passage/?search=2%20Kings%2024%3A1-2&version=KJV,https://www.livius.org/sources/content/mesopotamian-chronicles-content/abc-5-jerusalem-chronicle/,約49歳,প্রায় ৪৯ বছর
15,598,597,calc,52,53,前598～597年,৫৯৮–৫৯৭ খ্রিষ্টপূর্ব,エホヤキムの死とエホヤキンの即位,যিহোয়াকীমের মৃত্যু ও যিহোয়াখীনের সিংহাসন গ্রহণ,エホヤキムの後、息子エホヤキンが18歳で即位し3か月統治する。エルサレムは包囲される。,যিহোয়াকীমের পরে তাঁর পুত্র যিহোয়াখীন ১৮ বছর বয়সে রাজা হন এবং তিন মাস রাজত্ব করেন। জেরুসালেম অবরুদ্ধ হয়।,2 Kings 24:6-11,,王の死の具体的状況を列王記は詳述しない。,রাজার মৃত্যুর বিস্তারিত পরিস্থিতি রাজাবলিতে নেই।,https://www.biblegateway.com/passage/?search=2%20Kings%2024%3A6-11&version=KJV,,約52–53歳,প্রায় ৫২–৫৩ বছর
16,597,597,calc,53,53,前597年・アダル月2日,"৫৯৭ খ্রিষ্টপূর্ব, অদর মাসের ২ দিন",エルサレム降伏と最初の大規模捕囚,জেরুসালেমের আত্মসমর্পণ ও ব্যাপক নির্বাসন,エホヤキンらがバビロンへ移送され、ゼデキヤが王に立てられる。年代記はユダの都の征服と王の交代を記す。,যিহোয়াখীন ও অন্যদের বাবিলে নিয়ে যাওয়া হয় এবং সিদিকিয়কে রাজা করা হয়। বর্ষপঞ্জিতে যিহূদার নগর দখল ও রাজা বদলের বিবরণ আছে।,2 Kings 24:10-17;Jeremiah 24:1,A1;A2,通常はユリウス暦前597年3月16日と換算。今回と最終滅亡を区別する。,সাধারণত জুলিয়ান পঞ্জিকায় ১৬ মার্চ ৫৯৭ হিসেবে রূপান্তরিত। এটি চূড়ান্ত ধ্বংসের ঘটনা নয়।,https://www.biblegateway.com/passage/?search=2%20Kings%2024%3A10-17&version=KJV;https://www.biblegateway.com/passage/?search=Jeremiah%2024%3A1&version=KJV,https://www.britishmuseum.org/collection/object/W_1896-0409-51;https://www.livius.org/sources/content/mesopotamian-chronicles-content/abc-5-jerusalem-chronicle/,約53歳,প্রায় ৫৩ বছর
17,597,594,calc,53,56,前597年以後、ゼデキヤ治世前半ごろ,"৫৯৭-এর পরে, সিদিকিয়ের রাজত্বের প্রথম ভাগে",捕囚民への手紙,নির্বাসিতদের কাছে চিঠি,家を建て、植え、移された町の平安を求めるよう勧める。早期帰還をうたう預言に反対する。,"বাড়ি তৈরি, বাগান করা এবং নির্বাসনের নগরের মঙ্গল কামনার পরামর্শ দেন। দ্রুত ফিরে আসার দাবির বিরোধিতা করেন।",Jeremiah 29:1-14,,前597～594年は配置の目安であり、本文に発送年はない。,৫৯৭–৫৯৪ কেবল সম্ভাব্য অবস্থান; পাঠে চিঠি পাঠানোর সাল নেই।,https://www.biblegateway.com/passage/?search=Jeremiah%2029%3A1-14&version=KJV,,約53–56歳,প্রায় ৫৩–৫৬ বছর
18,594,593,calc,56,57,前594／593年ごろ,প্রায় ৫৯৪/৫৯৩ খ্রিষ্টপূর্ব,ハナヌヤとの対立,হনানিয়ের সঙ্গে বিরোধ,ゼデキヤ第4年、ハナヌヤは2年以内の回復を告げるが、エレミヤは否定する。本文はその年の第7月にハナヌヤが死んだと記す。,সিদিকিয়ের চতুর্থ বছরে হনানিয় দুই বছরের মধ্যে পুনরুদ্ধারের কথা বলেন; যিরমিয় তা প্রত্যাখ্যান করেন। পাঠে সপ্তম মাসে হনানিয়ের মৃত্যুর কথা আছে।,Jeremiah 28:1-17,,王の在位年の換算に幅を持たせる。,রাজত্ববর্ষকে খ্রিষ্টপূর্ব সালে রূপান্তরের পার্থক্য রাখা হয়েছে।,https://www.biblegateway.com/passage/?search=Jeremiah%2028%3A1-17&version=KJV,,約56–57歳,প্রায় ৫৬–৫৭ বছর
19,594,593,calc,56,57,前594／593年ごろ,প্রায় ৫৯৪/৫৯৩ খ্রিষ্টপূর্ব,バビロンへの裁きの巻物,বাবিলের বিচারের পুঁথি,ゼデキヤ第4年、セラヤにバビロンで巻物を読み、石を結んでユーフラテスへ沈めるよう命じる。,সিদিকিয়ের চতুর্থ বছরে সরায়কে বাবিলে পুঁথি পড়ে পাথর বেঁধে ফরাৎ নদীতে ডুবিয়ে দেওয়ার নির্দেশ দেন।,Jeremiah 51:59-64,,エレミヤ自身がバビロンへ行ったという記述ではない。,এটি যিরমিয় নিজে বাবিলে গিয়েছিলেন এমন বিবরণ নয়।,https://www.biblegateway.com/passage/?search=Jeremiah%2051%3A59-64&version=KJV,,約56–57歳,প্রায় ৫৬–৫৭ বছর
20,589,588,calc,61,62,前589／588年ごろ・第10月10日,"প্রায় ৫৮৯/৫৮৮ খ্রিষ্টপূর্ব, দশম মাসের ১০ দিন",最終包囲の開始,চূড়ান্ত অবরোধ শুরু,ゼデキヤ第9年に包囲が始まる。王のバビロニアへの反乱が背景にある。,সিদিকিয়ের নবম বছরে অবরোধ শুরু হয়। পটভূমিতে রয়েছে বাবিলের বিরুদ্ধে রাজার বিদ্রোহ।,2 Kings 24:20-25:2;Jeremiah 39:1;Jeremiah 52:4,,暦年・即位年の扱いにより換算差が生じる。,পঞ্জিকা ও সিংহাসন-আরোহণের বছর গণনার কারণে রূপান্তরে পার্থক্য হয়।,https://www.biblegateway.com/passage/?search=2%20Kings%2024%3A20-25%3A2&version=KJV;https://www.biblegateway.com/passage/?search=Jeremiah%2039%3A1&version=KJV;https://www.biblegateway.com/passage/?search=Jeremiah%2052%3A4&version=KJV,,約61–62歳,প্রায় ৬১–৬২ বছর
21,588,587,calc,62,63,前588～587年ごろ〔包囲中〕,প্রায় ৫৮৮–৫৮৭ খ্রিষ্টপূর্ব [অবরোধকালে],援軍への期待と再包囲の警告,সাহায্যের আশা ও পুনরায় অবরোধের সতর্কতা,エジプト軍の接近でカルデア軍が一時撤退。エレミヤはその帰還と都の焼失を警告する。,মিশরীয় বাহিনী এগিয়ে এলে কল্‌দীয়রা সাময়িক সরে যায়। যিরমিয় তাদের ফিরে আসা এবং নগর পুড়ে যাওয়ার সতর্কবার্তা দেন।,Jeremiah 37:1-10,,章内に西暦換算できる独立の日付はない。,অধ্যায়ে স্বতন্ত্র নির্দিষ্ট তারিখ নেই।,https://www.biblegateway.com/passage/?search=Jeremiah%2037%3A1-10&version=KJV,,約62–63歳,প্রায় ৬২–৬৩ বছর
22,588,587,calc,62,63,前588～587年ごろ〔包囲中〕,প্রায় ৫৮৮–৫৮৭ খ্রিষ্টপূর্ব [অবরোধকালে],解放した奴隷を再び従属させる,মুক্ত করা দাসদের আবার অধীন করা,ヘブライ人奴隷を解放した後に撤回した指導者と民を非難する。ラキシュとアゼカの抵抗も記される。,হিব্রু দাসদের মুক্ত করে পরে আবার দাস করার জন্য নেতা ও জনগণকে ভর্ৎসনা করেন। লাখীশ ও অসেকার প্রতিরোধের কথাও আছে।,Jeremiah 34:7-22,A4;A7,ラキシュ資料は地域の危機を照らすが、この契約違反そのものの証拠ではない。,"লাখীশের নিদর্শন আঞ্চলিক সংকট বোঝায়, এই চুক্তিভঙ্গের প্রত্যক্ষ প্রমাণ নয়।",https://www.biblegateway.com/passage/?search=Jeremiah%2034%3A7-22&version=KJV,https://www.penn.museum/sites/expedition/lachish/;https://www.britishmuseum.org/collection/object/W_1959-0711-2,約62–63歳,প্রায় ৬২–৬৩ বছর
23,588,587,calc,62,63,前588／587年ごろ,প্রায় ৫৮৮/৫৮৭ খ্রিষ্টপূর্ব,監禁中に畑を買う,বন্দি অবস্থায় জমি কেনা,ゼデキヤ第10年、アナトテの畑を購入し証書を保管させる。再び土地売買が行われるという回復の希望を示す。,সিদিকিয়ের দশম বছরে অনাথোতে জমি কিনে দলিল সংরক্ষণ করান। আবার জমি কেনাবেচা হবে—এই পুনরুদ্ধারের আশা প্রকাশ করেন।,"Jeremiah 32:1-15,36-44",,包囲末期の各事件の厳密な前後関係は確定しない。,অবরোধের শেষ পর্বের সব ঘটনার সুনির্দিষ্ট ক্রম জানা যায় না।,https://www.biblegateway.com/passage/?search=Jeremiah%2032%3A1-15%2C36-44&version=KJV,,約62–63歳,প্রায় ৬২–৬৩ বছর
24,588,586,calc,62,64,前588～587／586年〔陥落前〕,৫৮৮–৫৮৭/৫৮৬ খ্রিষ্টপূর্ব [পতনের আগে],投獄、水溜めからの救出、王への勧告,"কারাবাস, জলাধার থেকে উদ্ধার ও রাজাকে পরামর্শ",離反を疑われて投獄され、水溜めに投げ込まれる。エベド・メレクに救われ、ゼデキヤに降伏して命を保つよう勧める。,পক্ষত্যাগের সন্দেহে তাঁকে বন্দি ও পরে জলাধারে নিক্ষেপ করা হয়। এবদ্‌মেলক তাঁকে উদ্ধার করেন। তিনি সিদিকিয়কে আত্মসমর্পণ করে প্রাণ বাঁচাতে বলেন।,Jeremiah 37:11-21;Jeremiah 38:1-28,,複数の場面を集約。日付不明。,কয়েকটি দৃশ্য একত্র করা হয়েছে; সুনির্দিষ্ট তারিখ অজানা।,https://www.biblegateway.com/passage/?search=Jeremiah%2037%3A11-21&version=KJV;https://www.biblegateway.com/passage/?search=Jeremiah%2038%3A1-28&version=KJV,,約62–64歳,প্রায় ৬২–৬৪ বছর
25,587,586,calc,63,64,前587／586年・第4～5月,"৫৮৭/৫৮৬ খ্রিষ্টপূর্ব, চতুর্থ–পঞ্চম মাস",エルサレム陥落と神殿破壊,জেরুসালেমের পতন ও মন্দির ধ্বংস,飢饉の末に城壁が破られ、ゼデキヤは捕らえられる。神殿と家々が焼かれ、住民が移送される。,"দুর্ভিক্ষের শেষে নগরের প্রাচীর ভেঙে ফেলা হয়, সিদিকিয় বন্দি হন। মন্দির ও ঘরবাড়ি পোড়ানো হয়, বাসিন্দাদের নির্বাসিত করা হয়।",2 Kings 25:1-21;Jeremiah 39:1-10;Jeremiah 52:6-27,A5,第5月の日付は列王記第二25:8が7日、エレミヤ52:12が10日。本文の差をそのまま示す。,"পঞ্চম মাসের দিন ২ রাজাবলি ২৫:৮-এ ৭, যিরমিয় ৫২:১২-এ ১০; পাঠের পার্থক্য বজায় রাখা হয়েছে।",https://www.biblegateway.com/passage/?search=2%20Kings%2025%3A1-21&version=KJV;https://www.biblegateway.com/passage/?search=Jeremiah%2039%3A1-10&version=KJV;https://www.biblegateway.com/passage/?search=Jeremiah%2052%3A6-27&version=KJV,https://inside.charlotte.edu/news-features/2019-08-12/evidence-587586-bce-babylonian-conquest-jerusalem-found-mount-zion/,約63–64歳,প্রায় ৬৩–৬৪ বছর
26,587,586,calc,63,64,前587／586年の陥落後,৫৮৭/৫৮৬-এর পতনের পরে,エレミヤの解放とゲダルヤ,যিরমিয়ের মুক্তি ও গদলিয়,エレミヤは解放され、ミツパのゲダルヤのもとに住む。ゲダルヤは残留民にバビロニアに仕えるよう勧める。,যিরমিয় মুক্ত হয়ে মিস্পায় গদলিয়ের কাছে থাকেন। গদলিয় অবশিষ্ট লোকদের বাবিলের অধীনে থাকতে বলেন।,Jeremiah 39:11-14;Jeremiah 40:1-12,,39章と40章は異なる場面から解放を記す。,৩৯ ও ৪০ অধ্যায় মুক্তির আলাদা দৃশ্য বর্ণনা করে।,https://www.biblegateway.com/passage/?search=Jeremiah%2039%3A11-14&version=KJV;https://www.biblegateway.com/passage/?search=Jeremiah%2040%3A1-12&version=KJV,,約63–64歳,প্রায় ৬৩–৬৪ বছর
27,,,unknown,,,陥落後・第7月〔年不明〕,"পতনের পরে, সপ্তম মাস [সাল অজানা]",ゲダルヤ暗殺とエジプト行き,গদলিয়ের হত্যা ও মিশরে যাত্রা,ゲダルヤが暗殺される。エレミヤはエジプトへ逃れないよう警告するが、一団はエレミヤとバルクを連れてタフパヌヘスへ行く。,গদলিয় নিহত হন। যিরমিয় মিশরে পালাতে নিষেধ করলেও দলটি তাঁকে ও বারূককে সঙ্গে নিয়ে তহ্‌পন্হেষে যায়।,2 Kings 25:22-26;Jeremiah 41:1-3;Jeremiah 42:7-22;Jeremiah 43:1-7,,陥落と同年に置く再構成があるが、本文は暗殺の年を明示しない。年齢も確定不能。,"কেউ পতনের একই বছরে স্থাপন করেন, কিন্তু পাঠে হত্যার সাল নেই; বয়সও নির্ণয় করা যায় না।",https://www.biblegateway.com/passage/?search=2%20Kings%2025%3A22-26&version=KJV;https://www.biblegateway.com/passage/?search=Jeremiah%2041%3A1-3&version=KJV;https://www.biblegateway.com/passage/?search=Jeremiah%2042%3A7-22&version=KJV;https://www.biblegateway.com/passage/?search=Jeremiah%2043%3A1-7&version=KJV,,算定不可,নির্ণয় করা যায় না
28,,,unknown,,,エジプト移住後〔年不明〕,মিশরে যাওয়ার পরে [সাল অজানা],エジプトでの警告,মিশরে সতর্কবার্তা,エジプトにもバビロン王の攻撃が及ぶと告げ、偶像礼拝を続ける人々を戒める。以後の生涯と死亡年は聖書から確定できない。,মিশরেও বাবিলের রাজার আক্রমণ আসবে বলে জানান এবং প্রতিমাপূজা চালিয়ে যাওয়া লোকদের সতর্ক করেন। পরবর্তী জীবন ও মৃত্যুসাল বাইবেল থেকে নির্ণয় করা যায় না।,Jeremiah 43:8-13;Jeremiah 44:1-30,,預言の発言年と実現の歴史年代を同一視しない。,ভাববাণীর উচ্চারণের সাল ও পরবর্তী ঘটনার সাল এক করা হয়নি।,https://www.biblegateway.com/passage/?search=Jeremiah%2043%3A8-13&version=KJV;https://www.biblegateway.com/passage/?search=Jeremiah%2044%3A1-30&version=KJV,,算定不可,নির্ণয় করা যায় না
29,,,unknown,,,時期不明〔回復の預言〕,কাল অনির্দিষ্ট [পুনরুদ্ধারের ভাববাণী],新しい契約の希望,নতুন চুক্তির আশা,イスラエルとユダの回復、心に記される律法、新しい契約を語る。警告だけでなく回復もエレミヤ書の主題。,"ইস্রায়েল ও যিহূদার পুনরুদ্ধার, হৃদয়ে লেখা ব্যবস্থা এবং নতুন চুক্তির কথা বলা হয়। সতর্কতার পাশাপাশি পুনরুদ্ধারও যিরমিয়ের বইয়ের বিষয়।",Jeremiah 30:1-3;Jeremiah 31:31-34,,この段落の発言年は明示されず、特定の年齢を付けない。,"এই অংশের উচ্চারণের সাল নেই, তাই নির্দিষ্ট বয়স দেওয়া হয়নি।",https://www.biblegateway.com/passage/?search=Jeremiah%2030%3A1-3&version=KJV;https://www.biblegateway.com/passage/?search=Jeremiah%2031%3A31-34&version=KJV,,算定不可,নির্ণয় করা যায় না
30,,,unknown,,,前587／586年の破壊を背景とする〔成立時期未確定〕,৫৮৭/৫৮৬-এর ধ্বংসের পটভূমি [রচনাকাল অনির্দিষ্ট],哀歌：破壊された都の声,বিলাপ: ধ্বংসপ্রাপ্ত নগরের কণ্ঠ,都の荒廃、飢え、子供たちの苦難、嘆きと希望を詩として描く。伝統はエレミヤに帰すが、本文は著者名を記さない。,"নগরের ধ্বংস, ক্ষুধা, শিশুদের কষ্ট, শোক ও আশা কবিতায় প্রকাশিত। ঐতিহ্যে যিরমিয়কে রচয়িতা বলা হলেও পাঠে লেখকের নাম নেই।",Lamentations 1:1-5;Lamentations 2:11-12;Lamentations 3:21-33;Lamentations 4:4-10;Lamentations 5:1-22,S1,各詩の成立年や語り手をエレミヤの伝記上の事実としない。,প্রতিটি কবিতার রচনাসাল বা বক্তাকে যিরমিয়ের জীবনীসংক্রান্ত তথ্য হিসেবে ধরা হয়নি।,https://www.biblegateway.com/passage/?search=Lamentations%201%3A1-5&version=KJV;https://www.biblegateway.com/passage/?search=Lamentations%202%3A11-12&version=KJV;https://www.biblegateway.com/passage/?search=Lamentations%203%3A21-33&version=KJV;https://www.biblegateway.com/passage/?search=Lamentations%204%3A4-10&version=KJV;https://www.biblegateway.com/passage/?search=Lamentations%205%3A1-22&version=KJV,https://www.esv.org/resources/esv-global-study-bible/global-message-of-lamentations/,算定不可,নির্ণয় করা যায় না
31,582,581,unattested,68,69,前582／581年ごろ,প্রায় ৫৮২/৫৮১ খ্রিষ্টপূর্ব,追加の捕囚,আরও নির্বাসন,ネブカドネツァル第23年の追加移送がエレミヤ52章に記される。,যিরমিয় ৫২ অধ্যায়ে নবূখদ্‌নিৎসরের তেইশতম বছরে আরও লোক নির্বাসনের উল্লেখ আছে।,Jeremiah 52:30,,エレミヤ本人の所在・生存は確認できない。,এ সময় যিরমিয়ের অবস্থান বা জীবিত থাকা নিশ্চিত নয়।,https://www.biblegateway.com/passage/?search=Jeremiah%2052%3A30&version=KJV,,存命なら約68–69歳,জীবিত থাকলে প্রায় ৬৮–৬৯ বছর
32,561,561,unattested,89,89,前561年ごろ,প্রায় ৫৬১ খ্রিষ্টপূর্ব,エホヤキンの待遇改善,যিহোয়াখীনের মর্যাদা পুনরুদ্ধার,捕囚第37年、エビル・メロダクがエホヤキンを釈放し待遇を改善する。配給文書はバビロンにいた王家を別途裏付ける。,নির্বাসনের সাঁইত্রিশতম বছরে ইবিল-মরোদক যিহোয়াখীনকে মুক্ত করে মর্যাদা দেন। রেশন নথি আলাদাভাবে বাবিলে রাজপরিবারের উপস্থিতি সমর্থন করে।,2 Kings 25:27-30;Jeremiah 52:31-34,A6;A8,釈放の日は列王記が第12月27日、エレミヤが25日。配給文書自体はこの釈放日を証明しない。,"মুক্তির দিন রাজাবলিতে দ্বাদশ মাসের ২৭, যিরমিয়ে ২৫। রেশন নথি এই মুক্তির তারিখ প্রমাণ করে না।",https://www.biblegateway.com/passage/?search=2%20Kings%2025%3A27-30&version=KJV;https://www.biblegateway.com/passage/?search=Jeremiah%2052%3A31-34&version=KJV,https://www.livius.org/articles/person/jehoiachin-in-babylonia/;https://visit.smb.museum/object/obj-1743721,存命なら約89歳,জীবিত থাকলে প্রায় ৮৯ বছর
