"record_id","event_group","period","start_year","end_year","country_region","world_region","event_name","deaths_estimate","deaths_low","deaths_high","estimate_status","bounds_type","mortality_definition","population_scope","summary","notes","record_scope","pre1970_overlap","source_ids","source_titles","source_urls","source_locator","accessed_date"
"F001","F001","1968–1970年","1968","1970","ナイジェリア（ビアフラ）","アフリカ","ビアフラ飢饉","1300000","600000","2000000","推計","文献上の推計幅","飢饉関連超過死亡","全年齢（資料の対象人口）","内戦と封鎖で食料へのアクセスが失われた。","1968–70年全体。1970年分を分離できない。","主要事例","1","WPF|METHOD","Historic Famines, 1870–2024 | Famine Datasets Methodological Annex","https://worldpeacefoundation.org/wp-content/uploads/2025/01/Historic-Famines-synthesis-table-191224.pdf | https://worldpeacefoundation.org/wp-content/uploads/2025/05/Famine-dataset-Methods-updated-20250515.pdf","WPF p.5、方法論 p.8","2026-09-26"
"F002","F002","1969–1974年","1969","1974","サヘル（モーリタニア・マリ・ニジェールの遊牧民）","アフリカ","サヘル干ばつ","101000","","","推計","未提示","飢饉関連超過死亡","主に遊牧民","干ばつが移動牧畜に依存する世帯の生計を損なった。","原表101,000を採用。方法論は1969–73年・101,200人と記述し期間・丸めが異なる。定住人口を含む地域全体の値ではない。1970年以降分は分離不能。","主要事例","1","WPF|METHOD","Historic Famines, 1870–2024 | Famine Datasets Methodological Annex","https://worldpeacefoundation.org/wp-content/uploads/2025/01/Historic-Famines-synthesis-table-191224.pdf | https://worldpeacefoundation.org/wp-content/uploads/2025/05/Famine-dataset-Methods-updated-20250515.pdf","WPF p.5、方法論 p.8","2026-09-26"
"F003","F003","1972–1973年","1972","1973","インド（マハラシュトラ州）","アジア","干ばつと超過死亡（論争あり）","130000","","","論争のある推計","未提示","飢饉関連超過死亡","全年齢（資料の対象人口）","深刻な干ばつに対して大規模な公共雇用事業が行われた。","Dyson・Maharatnaの推計。Drèzeは飢饉が回避されたと評価。確認された直接餓死数として扱わない。","補足事例","0","OWID","The Our World in Data Dataset of Famines","https://ourworldindata.org/the-our-world-in-data-dataset-of-famines","本文・要約","2026-09-26"
"F004","F004","1973–1974年","1973","1974","エチオピア（ウォロ・オガデン）","アフリカ","1970年代エチオピア飢饉","200000","","","推計","未提示","飢饉関連超過死亡","全年齢（資料の対象人口）","干ばつと援助の不足が重なり、脆弱な地域で死亡が増えた。","","主要事例","0","WPF","Historic Famines, 1870–2024","https://worldpeacefoundation.org/wp-content/uploads/2025/01/Historic-Famines-synthesis-table-191224.pdf","WPF PDF pp.5–6","2026-09-26"
"F005","F005","1974","1974","1974","バングラデシュ","アジア","1974年飢饉","1500000","","","推計","未提示","飢饉関連超過死亡","全年齢（資料の対象人口）","洪水と戦争後の経済的混乱、食料援助の途絶が重なった。","原表の全体推計。直接の餓死のみを数えた値ではない。","主要事例","0","WPF","Historic Famines, 1870–2024","https://worldpeacefoundation.org/wp-content/uploads/2025/01/Historic-Famines-synthesis-table-191224.pdf","WPF PDF pp.5–6","2026-09-26"
"F006","F006","1975","1975","1975","中国（河南省）","アジア","河南洪水と救援崩壊","230000","","","死因範囲に注意","未提示","参考値・災害関連死亡（死因分離未確認）","全年齢（資料の対象人口）","大洪水後に救援と生活基盤が損なわれた。","WPFの飢饉表に収録された値だが、洪水直接死と飢餓・疾病死の内訳を当該表で確認できない。23万人を餓死者数と解釈しない。","参考・混合死因","0","WPF","Historic Famines, 1870–2024","https://worldpeacefoundation.org/wp-content/uploads/2025/01/Historic-Famines-synthesis-table-191224.pdf","WPF PDF pp.5–6","2026-09-26"
"F007","F007","1975–1979年","1975","1979","カンボジア","アジア","クメール・ルージュ期の飢餓","1210000","","","推計","未提示","飢饉関連超過死亡","全年齢（資料の対象人口）","強制的な集団化と配給・生存条件の悪化。","WPFの飢饉関連値。処刑などを含む政権下の総死亡数とは別。","主要事例","0","WPF","Historic Famines, 1870–2024","https://worldpeacefoundation.org/wp-content/uploads/2025/01/Historic-Famines-synthesis-table-191224.pdf","WPF PDF pp.5–6","2026-09-26"
"F008","F008","1975–1979年","1975","1979","東ティモール（現・東ティモール）","アジア","占領・対反乱作戦下の飢餓","103000","","","推計","未提示","飢饉関連超過死亡","全年齢（資料の対象人口）","軍事作戦に伴う移動と生計の喪失。","WPFの1975–79年という期間と値をそのまま採用。他資料の全占領期間とは異なる。","主要事例","0","WPF","Historic Famines, 1870–2024","https://worldpeacefoundation.org/wp-content/uploads/2025/01/Historic-Famines-synthesis-table-191224.pdf","WPF PDF pp.5–6","2026-09-26"
"F009","F009","1980","1980","1980","ウガンダ（カラモジャ）","アフリカ","カラモジャ飢饉","35000","20000","50000","推計","文献上の推計幅","飢饉関連超過死亡","全年齢（資料の対象人口）","家畜の略奪と行政機能の崩壊で食料確保が困難になった。","","補足事例","0","WPF|METHOD","Historic Famines, 1870–2024 | Famine Datasets Methodological Annex","https://worldpeacefoundation.org/wp-content/uploads/2025/01/Historic-Famines-synthesis-table-191224.pdf | https://worldpeacefoundation.org/wp-content/uploads/2025/05/Famine-dataset-Methods-updated-20250515.pdf","WPF PDF pp.5–6","2026-09-26"
"F010","F010","1981–1985年","1981","1985","モザンビーク","アフリカ","内戦と干ばつ下の飢饉","300000","","","推計","未提示","飢饉関連超過死亡","全年齢（資料の対象人口）","武力紛争による略奪に干ばつが重なった。","","主要事例","0","WPF","Historic Famines, 1870–2024","https://worldpeacefoundation.org/wp-content/uploads/2025/01/Historic-Famines-synthesis-table-191224.pdf","WPF PDF pp.5–6","2026-09-26"
"F011","F011","1983–1985年","1983","1985","エチオピア（ティグライ・ウォロなど）","アフリカ","1980年代エチオピア飢饉","800000","600000","1000000","推計","文献上の推計幅","飢饉関連超過死亡","全年齢（資料の対象人口）","干ばつ、戦闘、移住政策と救援不足が重なった。","WPFは60万–100万人の中央値80万人を採用。","主要事例","0","WPF|METHOD","Historic Famines, 1870–2024 | Famine Datasets Methodological Annex","https://worldpeacefoundation.org/wp-content/uploads/2025/01/Historic-Famines-synthesis-table-191224.pdf | https://worldpeacefoundation.org/wp-content/uploads/2025/05/Famine-dataset-Methods-updated-20250515.pdf","WPF PDF pp.5–6","2026-09-26"
"F012","F012","1984–1985年","1984","1985","スーダン（ダルフール・コルドファン・紅海沿岸）","アフリカ","干ばつ期の飢饉","240000","","","推計","未提示","飢饉関連超過死亡","全年齢（資料の対象人口）","食料供給の悪化に経済政策と援助の問題が重なった。","","主要事例","0","WPF","Historic Famines, 1870–2024","https://worldpeacefoundation.org/wp-content/uploads/2025/01/Historic-Famines-synthesis-table-191224.pdf","WPF PDF pp.5–6","2026-09-26"
"F013","F013","1987–1988年","1987","1988","当時のスーダン南部（現・南スーダンを含む）","アフリカ","南部内戦と飢饉","250000","","","推計","未提示","飢饉関連超過死亡","全年齢（資料の対象人口）","避難・略奪・封鎖により住民の食料と生活手段が失われた。","","主要事例","0","WPF","Historic Famines, 1870–2024","https://worldpeacefoundation.org/wp-content/uploads/2025/01/Historic-Famines-synthesis-table-191224.pdf","WPF PDF pp.5–6","2026-09-26"
"F014","F014","1991–1993年","1991","1993","ソマリア","アフリカ","1990年代ソマリア飢饉","240000","","","推計","未提示","飢饉関連超過死亡","全年齢（資料の対象人口）","内戦による避難と略奪で食料へのアクセスが崩れた。","","主要事例","0","WPF","Historic Famines, 1870–2024","https://worldpeacefoundation.org/wp-content/uploads/2025/01/Historic-Famines-synthesis-table-191224.pdf","WPF PDF pp.5–6","2026-09-26"
"F015","F015","1992–1994年","1992","1994","スーダン（ヌバ山地・上ナイル、現・南スーダンを含む）","アフリカ","ヌバ山地・上ナイル危機","225000","","","推計","未提示","飢饉関連超過死亡","全年齢（資料の対象人口）","内戦と包囲、強制移動に伴う生活基盤の喪失。","","主要事例","0","WPF","Historic Famines, 1870–2024","https://worldpeacefoundation.org/wp-content/uploads/2025/01/Historic-Famines-synthesis-table-191224.pdf","WPF PDF pp.5–6","2026-09-26"
"F016","F016","1995–1997年","1995","1997","朝鮮民主主義人民共和国（北朝鮮）","アジア","1990年代北朝鮮飢饉","330000","","","推計","未提示","飢饉関連超過死亡","全年齢（資料の対象人口）","洪水・干ばつと経済・配給制度の機能不全。","WPFの1995–97年・33万人。1995–99年など異なる期間のより大きい推計との混用を避ける。","主要事例","0","WPF","Historic Famines, 1870–2024","https://worldpeacefoundation.org/wp-content/uploads/2025/01/Historic-Famines-synthesis-table-191224.pdf","WPF PDF pp.5–6","2026-09-26"
"F017","F017","1998","1998","1998","当時のスーダン（バハル・エル・ガザール、現・南スーダン）","アフリカ","1998年バハル・エル・ガザール飢饉","70000","","","推計","未提示","飢饉関連超過死亡","全年齢（資料の対象人口）","戦闘、略奪と避難が食料不足を深刻化させた。","WPF原表の年表記「1998–89」は逆転している。HRWの記述で1998年と照合して整理。","補足事例","0","WPF|SUD98","Historic Famines, 1870–2024 | Famine crimes in South Sudan","https://worldpeacefoundation.org/wp-content/uploads/2025/01/Historic-Famines-synthesis-table-191224.pdf | https://www.hrw.org/news/2014/08/15/famine-crimes-south-sudan","WPF PDF pp.5–6","2026-09-26"
"F018","F018","1998–2007年","1998","2007","コンゴ民主共和国（東部）","アフリカ","紛争下の長期人道危機","290000","","","暫定推計（原表*）","未提示","複合人道危機の非暴力的超過死亡","全年齢（資料の対象人口）","紛争と避難が公衆衛生・生活基盤を破壊した。","原表290,000*。しばしば引用される戦争全体の540万人を餓死数として採用しない。","主要事例","0","WPF","Historic Famines, 1870–2024","https://worldpeacefoundation.org/wp-content/uploads/2025/01/Historic-Famines-synthesis-table-191224.pdf","WPF PDF pp.5–6","2026-09-26"
"F019","F019","2002","2002","2002","マラウイ","アフリカ","2002年食料危機","3000","","","推計","未提示","飢饉関連超過死亡","全年齢（資料の対象人口）","干ばつと救援の不足。","","補足事例","0","WPF","Historic Famines, 1870–2024","https://worldpeacefoundation.org/wp-content/uploads/2025/01/Historic-Famines-synthesis-table-191224.pdf","WPF PDF pp.5–6","2026-09-26"
"F020","F020","2003–2005年","2003","2005","スーダン（ダルフール）","アフリカ","ダルフール人道危機","200000","","","推計","未提示","複合人道危機の非暴力的超過死亡","全年齢（資料の対象人口）","紛争と強制移動が住民の生存条件を損なった。","","主要事例","0","WPF","Historic Famines, 1870–2024","https://worldpeacefoundation.org/wp-content/uploads/2025/01/Historic-Famines-synthesis-table-191224.pdf","WPF PDF pp.5–6","2026-09-26"
"F021","F021","2003–2006年","2003","2006","ウガンダ（アチョリ地域）","アフリカ","北部ウガンダ人道危機","100000","","","推計","未提示","複合人道危機の非暴力的超過死亡","全年齢（資料の対象人口）","武装勢力との戦闘と略奪の影響。","","主要事例","0","WPF","Historic Famines, 1870–2024","https://worldpeacefoundation.org/wp-content/uploads/2025/01/Historic-Famines-synthesis-table-191224.pdf","WPF PDF pp.5–6","2026-09-26"
"F022","F022","2005","2005","2005","ニジェール","アフリカ","2005年食料危機","40000","","","推計","未提示","飢饉関連超過死亡","全年齢（資料の対象人口）","干ばつ下で食料不足と救援の問題が生じた。","WPFに収録された推計。地域全体の慢性的栄養失調死亡とは区別。","補足事例","0","WPF","Historic Famines, 1870–2024","https://worldpeacefoundation.org/wp-content/uploads/2025/01/Historic-Famines-synthesis-table-191224.pdf","WPF PDF pp.5–6","2026-09-26"
"F023","F023","2010–2012年（2011年に飢饉確認）","2010","2012","ソマリア（南部・中部）","アフリカ","2011年飢饉を含む食料危機","258000","143000","273000","推計","資料要約の蓋然的範囲","飢饉関連超過死亡","全年齢（資料の対象人口）","降雨不足と紛争、救援へのアクセス制約。","死亡研究の対象は2010–12年危機。WPF年表では2011–12年。推計期間とIPCの飢饉分類期間は一致しない。","主要事例","0","SOM11|WPF","Mortality among populations of Southern and Central Somalia affected by severe food insecurity and famine 2010–2012 | Historic Famines, 1870–2024","https://www.ipcinfo.org/ipcinfo-website/resources/resources-details/en/c/1129216/ | https://worldpeacefoundation.org/wp-content/uploads/2025/01/Historic-Famines-synthesis-table-191224.pdf","WPF PDF pp.5–6","2026-09-26"
"F024","F024","2012–2023年","2012","2023","シリア","アジア","内戦と包囲下の生存基盤崩壊","268000","","","暫定推計（原表*）","未提示","複合人道危機の非暴力的超過死亡","全年齢（資料の対象人口）","包囲とインフラの破壊で生活・医療へのアクセスが失われた。","直接の戦闘死亡ではなく、WPFの広い集団飢餓概念に基づく値。直接餓死数は分離不能。","主要事例","0","WPF","Historic Famines, 1870–2024","https://worldpeacefoundation.org/wp-content/uploads/2025/01/Historic-Famines-synthesis-table-191224.pdf","WPF PDF pp.5–6","2026-09-26"
"F025","SOUTH_SUDAN_2014","2014–2018年","2014","2018","南スーダン","アフリカ","内戦下の人道危機（2017年飢饉を含む）","193000","","","暫定推計（原表*）","未提示","複合人道危機の非暴力的超過死亡","全年齢（資料の対象人口）","戦闘と避難、略奪による食料・医療アクセスの喪失。","2017年の飢饉地域だけの死亡数ではない。暴力死を含む約40万人の研究総数と区別。","主要事例","0","WPF|SOM18","Historic Famines, 1870–2024 | Estimates of crisis-attributable mortality","https://worldpeacefoundation.org/wp-content/uploads/2025/01/Historic-Famines-synthesis-table-191224.pdf | https://www.lshtm.ac.uk/research/centres/health-humanitarian-crises-centre/south-sudan-report-2018","WPF PDF pp.5–6","2026-09-26"
"F026","YEMEN_WAR","2015年4月–2018年10月","2015","2018","イエメン","アジア","未治療の重度急性栄養失調による小児死亡推計","84701","60115","109288","推計","MUAC仮定によるモデル幅","栄養失調関連死亡モデル","5歳未満児","栄養治療を受けられなかった幼児の死亡をモデル化した。","実測された死亡登録数ではない。全年齢のイエメン危機推計F028と期間・人口が重なり、加算不可。","補足・重複あり","0","YEMCH","Yemen: 85,000 children may have died from starvation since start of war","https://www.savethechildren.net/news/yemen-85000-children-may-have-died-starvation-start-war","本文・要約","2026-09-26"
"F027","F027","2016–2019年","2016","2019","ナイジェリア（北東部）","アフリカ","ボコ・ハラム紛争下の人道危機","340000","","","推計","未提示","複合人道危機の非暴力的超過死亡","全年齢（資料の対象人口）","武力紛争、包囲と食料の徴発で生活が損なわれた。","","主要事例","0","WPF","Historic Famines, 1870–2024","https://worldpeacefoundation.org/wp-content/uploads/2025/01/Historic-Famines-synthesis-table-191224.pdf","WPF PDF pp.5–6","2026-09-26"
"F028","YEMEN_WAR","2016–2021年","2016","2021","イエメン","アジア","内戦・封鎖下の人道危機","223000","","","暫定推計（原表*）","未提示","複合人道危機の非暴力的超過死亡","全年齢（資料の対象人口）","戦争と物流制約、避難・経済危機が生活基盤を壊した。","原表の2016–21年・223,000*を採用。子どもに限ったF026と加算不可。","主要事例","0","WPF","Historic Famines, 1870–2024","https://worldpeacefoundation.org/wp-content/uploads/2025/01/Historic-Famines-synthesis-table-191224.pdf","WPF PDF pp.5–6","2026-09-26"
"F029","F029","2017–2018年","2017","2018","ソマリア","アフリカ","干ばつ・感染症と避難の危機","44700","37600","52000","推計","95%信頼区間（採用シナリオ内）","干ばつ危機関連超過死亡","全年齢（資料の対象人口）","降雨不足に避難、コレラ・はしかなどが重なった。","2017年1月–2018年12月。最も妥当な反実仮想基準線のシナリオ。悲観シナリオ163,800、楽観シナリオ19,400という基準線依存性もある。これらを信頼区間に混ぜない。","補足事例","0","SOM18PDF|SOM18","Retrospective estimation of mortality in Somalia, 2014–2018: a statistical analysis | Estimates of crisis-attributable mortality","https://www.lshtm.ac.uk/media/40136 | https://www.lshtm.ac.uk/research/centres/health-humanitarian-crises-centre/south-sudan-report-2018","LSHTM報告 p.13 Table 5","2026-09-26"
"F031","F031","2020–2021年","2020","2021","南スーダン（ピボール）","アフリカ","ピボールの飢饉状況","","","","不明","未提示","死亡総数未確認","全年齢（資料の対象人口）","深刻な食料不安が発生し、IPC専門家がFamine Likelyと判断した。","2020年末のFRC評価。対象住民数やIPC第5段階の人数を死亡数として扱わない。","補足事例","0","Pibor|FACTS","South Sudan: IPC Results October 2020–July 2021 | Famine facts","https://www.ipcinfo.org/ipcinfo-website/alerts-archive/issue-31 | https://www.ipcinfo.org/famine-facts","本文・要約","2026-09-26"
"F030","F030","2020–2023年","2020","2023","中央アフリカ共和国","アフリカ","長期人道危機","553000","","","暫定推計（原表*）","未提示","複合人道危機の非暴力的超過死亡","全年齢（資料の対象人口）","紛争と国家機能の衰弱による生存条件の悪化。","大規模飢饉表にある広義の死亡推計。IPCによる全国飢饉認定や、直接餓死の人数を意味しない。","主要事例","0","WPF","Historic Famines, 1870–2024","https://worldpeacefoundation.org/wp-content/uploads/2025/01/Historic-Famines-synthesis-table-191224.pdf","WPF PDF pp.5–6","2026-09-26"
"F033","F033","2021","2021","2021","マダガスカル（南部）","アフリカ","南部の干ばつと食料危機","","","","不明","未提示","死亡総数未確認","全年齢（資料の対象人口）","干ばつ下で深刻な食料不足と栄養不良が報告された。","飢饉リスクと死亡総数を区別。急性食料不安人口は死亡人数ではない。","補足事例","0","MAD","Madagascar: Acute Food Insecurity Situation April–September 2021 and Projection October–December 2021","https://www.ipcinfo.org/ipcinfo-website/resources/resources-details/en/c/1154919/","本文・要約","2026-09-26"
"F032","F032","2021–2023年","2021","2023","エチオピア（ティグライ）","アフリカ","ティグライの飢餓・生活基盤崩壊","336000","","","暫定推計（原表*）","未提示","複合人道危機の非暴力的超過死亡","全年齢（資料の対象人口）","包囲、略奪と必須インフラの破壊。","WPFの期間・採用値。戦闘死を含む戦争総死亡数とは異なる。","主要事例","0","WPF","Historic Famines, 1870–2024","https://worldpeacefoundation.org/wp-content/uploads/2025/01/Historic-Famines-synthesis-table-191224.pdf","WPF PDF pp.5–6","2026-09-26"
"F034","F034","2022年1月–2024年6月","2022","2024","ソマリア（主に南中部）","アフリカ","2022年干ばつに起因する死亡","71100","","","推計","未提示","干ばつ危機関連超過死亡","全年齢（資料の対象人口）","干ばつの影響による死亡増を人口モデルで推計。","2025年公表の更新推計。旧2022年単年43,000人と重ねない。飢饉は回避されたが超過死亡が推計された。","主要事例","0","SOM24","New study estimates that 71,000 drought-related excess deaths may have occurred in Somalia between 2022–2024","https://www.unicef.org/somalia/press-releases/71000-drought-related-excess-deaths","本文・要約","2026-09-26"
"F035","SUDAN_2023","2023–2024年","2023","2024","スーダン","アフリカ","2023年以降の内戦と飢餓","","100000","","暫定下限・プレースホルダー","原表の100,000*+","複合人道危機の非暴力的超過死亡","全年齢（資料の対象人口）","戦争で食料・医療・避難先へのアクセスが悪化。","原表100,000*+。精密な計測値ではないため代表値をNULLにし下限欄に保存。2026年までの累計ではない。","主要事例","0","WPF","Historic Famines, 1870–2024","https://worldpeacefoundation.org/wp-content/uploads/2025/01/Historic-Famines-synthesis-table-191224.pdf","WPF PDF pp.5–6","2026-09-26"
"F036","GAZA_2023","2023年10月–2025年10月1日","2023","2025","パレスチナ（ガザ地区）","アジア","ガザの栄養失調関連死（報告累計）","455","","","報告数・部分把握","未提示","栄養失調関連の報告死亡","全年齢（資料の対象人口）","紛争と食料供給・医療アクセスの制約下で死亡が報告された。","OCHAがガザ保健省の455人（子ども151人）を引用。全ての飢饉関連超過死亡を表す値ではない。2026年累計ではない。","主要事例","0","GAZA25|FACTS","Humanitarian Situation Update #327 | Gaza Strip | Famine facts","https://www.ochaopt.org/content/humanitarian-situation-update-327-gaza-strip | https://www.ipcinfo.org/famine-facts","本文・要約","2026-09-26"
"F037","F037","2025年9月–2026年6月（予測を含む）","2025","2026","ハイチ","中南米・カリブ","武装集団の拡大と急性食料不安","","","","不明","未提示","死亡総数未確認","全年齢（資料の対象人口）","武装集団による流通の妨げと経済的困難。","IPCの食料不安分析。死亡人数を提供する資料ではない。","近年の状況補足","0","HAITI26","Haiti: IPC Acute Food Insecurity, September 2025–June 2026","https://www.ipcinfo.org/fileadmin/user_upload/ipcinfo/docs/IPC_Haiti_AcuteFoodInsec_Sept2025_June2026_Snapshot_French.pdf","本文・要約","2026-09-26"
"F038","SUDAN_2023","2026年（参照分析は2–5月、以降の予測を含む）","2026","2026","スーダン（ダルフール・コルドファンなど）","アフリカ","2026年の食料・栄養危機","","","","不明・年途中","未提示","死亡総数未確認","全年齢（資料の対象人口）","紛争が継続し、飢饉リスクと重度栄養不良への懸念が続く。","2025年の飢饉認定を全年・全国に延長しない。2026年5月のIPC分析では区域レベルの飢饉なし、14区域にリスク。F035とは状況更新であり加算不可。","近年の状況補足","0","SUD26|FACTS","Sudan: Major food and nutrition crisis persists as conflict enters fourth year and risk of Famine looms | Famine facts","https://www.ipcinfo.org/ipcinfo-website/countries-in-focus-archive/issue-151/en/ | https://www.ipcinfo.org/famine-facts","本文・要約","2026-09-26"
"F039","GAZA_2023","2026年（最新参照公表2026年8月24日）","2026","2026","パレスチナ（ガザ地区）","アジア","2026年の栄養状態と支援状況","","","","不明・年途中","未提示","死亡総数未確認","全年齢（資料の対象人口）","支援拡大後、調査可能地域の急性栄養不良は改善したが慢性栄養不良が残る。","5月31日–6月15日の横断調査。死亡推計ではなく、立入り不能地域を代表しない。1月OCHAの「10月初旬以降の小児急性栄養失調死の報告なし」を全年齢の死亡ゼロにしない。","近年の状況補足","0","GAZA26|GAZAJAN","New SMART survey provides updated assessment of child and maternal nutrition in accessible areas of Gaza | Humanitarian Situation Update #355 | Gaza Strip","https://www.unicef.org/press-releases/new-smart-survey-provides-updated-assessment-child-and-maternal-nutrition-accessible | https://www.ochaopt.org/content/humanitarian-situation-update-355-gaza-strip","本文・要約","2026-09-26"
"F040","F040","2026","2026","2026","ソマリア","アフリカ","2026年の食料危機","","","","不明・年途中","未提示","死亡総数未確認","全年齢（資料の対象人口）","食料・水不足に資金不足による支援縮小が重なった。","2022–24年の71,100人を2026年の値に流用しない。","近年の状況補足","0","SOM26","Somalia | FAO Emergency and Resilience","https://www.fao.org/emergencies/where-we-work/SOM/","本文・要約","2026-09-26"
"F041","F041","2026","2026","2026","アフガニスタン","アジア","2026年の飢餓・栄養治療危機","","","","不明・年途中","未提示","死亡総数未確認","全年齢（資料の対象人口）","急性食料不安と栄養治療需要に対し支援が不足。","参照したWFP資料には全国の餓死・関連死亡総数がない。","近年の状況補足","0","AFG26","Afghanistan emergency","https://www.wfp.org/emergencies/afghanistan","本文・要約","2026-09-26"
