時期,当時ホモサピエンスの祖先と考えられていた生物・見解,DNA検査による祖先性の否定・部分的寄与等の判明,備考,対象生物,研究年,年代区分,証拠の種類,見解・変更の区分,記録ID,出典ID,出典URL
1900年代（1900年刊行）,ジャワ原人／ホモ・エレクトス：ピテカントロプス・エレクトスを、類人猿と人の間の祖先的な形とするデュボアの説。,該当なし。この研究は化石DNAによる祖先の除外ではない。,提案の起源は1890年代。1900年は当該論考の刊行年で、新発見の年ではない。後にホモ属に統合。すべてのジャワ個体が現生人類の直接祖先と確定したわけではない。,ジャワ原人／ホモ・エレクトス,1900,1900年代,形態,祖先候補,E001,A01;A12,https://preview.wellcomecollection.org/works/czbkt8pc | https://humanorigins.si.edu/evidence/human-fossils/species/homo-erectus
1908年,ハイデルベルク人（マウアー下顎）：原始的な人類としてHomo heidelbergensisが命名され、後の祖先系統論に加わる。,該当なし。この研究は化石DNAによる祖先の除外ではない。,命名そのものは現生人類とネアンデルタール人の共通祖先の証明ではない。後年この名でまとめる化石の範囲が拡大し、分類の意味が変化した。,ハイデルベルク人（マウアー下顎）,1908,1900年代,形態,分類・候補の成立,E002,A02;S25,https://pmc.ncbi.nlm.nih.gov/articles/PMC2993404/ | https://pubmed.ncbi.nlm.nih.gov/27298468/
1911～1913年,ネアンデルタール人：現生人類に至る祖先とみる説と傍系とみる説が競合。ブールの復元は傍系視を強めた。,該当なし。この研究は化石DNAによる祖先の除外ではない。,当時から全員が直系祖先と考えていたわけではない。姿勢の復元や「原始的」という評価と、実際の系統関係は分ける必要がある。DNAによる検証は1997年以降。,ネアンデルタール人,1911,1910年代,形態・学史,見解の対立,E003,A03;S13,https://pubmed.ncbi.nlm.nih.gov/34350666/ | https://pubmed.ncbi.nlm.nih.gov/9230299/
1912年,ピルトダウン人（エオアントロプス）：人に似た大きな頭蓋と類人猿的な顎を持つ「失われた環」として発表され、一部で祖先候補とされた。,該当なし。この研究は化石DNAによる祖先の除外ではない。,実在した一種ではなく、後に偽造と判明する標本。祖先観の誤りを示す事例として特別に収録。初めから疑問視する研究者もいた。,ピルトダウン人（エオアントロプス）,1912,1910年代,形態,後に偽造と判明,E004,A04,https://www.nhm.ac.uk/our-science/services/library/collections/piltdown-man.html
1921年命名～1920年代,ローデシア人（カブウェ／ホモ・ローデシエンシス）：アフリカの古い人類として登場。のちにアフリカの中期更新世人類を現生人類につながる集団とみる際の代表標本となる。,該当なし。この研究は化石DNAによる祖先の除外ではない。,1921年時点で現在の祖先モデルが成立したとは扱わない。H. rhodesiensisとH. heidelbergensisの使い分けには今も異論がある。,ローデシア人（カブウェ／ホモ・ローデシエンシス）,1921,1920年代,形態,分類・候補の成立,E005,A05;S25;S31,https://www.nature.com/articles/122798a0 | https://pubmed.ncbi.nlm.nih.gov/27298468/ | https://www.nature.com/articles/s41586-020-2165-4
1925年,アウストラロピテクス・アフリカヌス（タウング幼児）：ダートが小さな脳と人に似た特徴の組合せから、人類の祖先に近いアフリカの猿人として提案。,該当なし。この研究は化石DNAによる祖先の除外ではない。,幼児資料であることや当時の大脳先行・アジア重視の見方もあり、すぐには広く受容されなかった。現在もホモ属に至る正確な位置は未決着。,アウストラロピテクス・アフリカヌス（タウング幼児）,1925,1920年代,形態,祖先候補,E006,A06;A07,https://www.nature.com/articles/115195a0 | https://humanorigins.si.edu/evidence/human-fossils/species/australopithecus-africanus
1927～1939年,北京原人（シナントロプス・ペキネンシス）：歯に基づく命名後、頭蓋資料が増え、ジャワ原人とともに人類の古い祖先的段階を論じる中心となった。,該当なし。この研究は化石DNAによる祖先の除外ではない。,現在は通常H. erectusに含める。地域ごとの連続的進化を考える材料となったが、北京原人から現代東アジア人への直系関係がDNAで証明されたわけではない。,北京原人（シナントロプス・ペキネンシス）,1927,1920年代,形態,祖先候補,E007,A08;A09;A12,https://www.nature.com/articles/139261a0 | https://www.nature.com/articles/144933b0 | https://humanorigins.si.edu/evidence/human-fossils/species/homo-erectus
1939～1946年,ギガントピテクス：ブルームやワイデンライヒらの一部の説で、人類系統に近い巨大な類人猿／祖先段階として論じられた。,該当なし。この研究は化石DNAによる祖先の除外ではない。,巨大類人猿を人類祖先とする見方は当時も一枚岩の定説ではなかった。2019年には古代タンパク質からオランウータン側の系統が支持される。,ギガントピテクス,1939,1930年代,形態・学史,歴史的候補,E008,A10;A24,https://onlinelibrary.wiley.com/doi/full/10.1002/ajpa.23150 | https://www.nature.com/articles/s41586-019-1728-8
1940年代後半,アウストラロピテクス・アフリカヌス：成人の頭蓋や骨盤などの追加資料が、人類側の二足歩行猿人という解釈を補強。祖先候補としての受容が進む。,該当なし。この研究は化石DNAによる祖先の除外ではない。,人類側の系統に属することと、Homo sapiensへ続く唯一の祖先種であることは別。後者は確定していない。,アウストラロピテクス・アフリカヌス,1947,1940年代,形態,支持の増加,E009,A07;A11,https://humanorigins.si.edu/evidence/human-fossils/species/australopithecus-africanus | https://www.nature.com/articles/163630d0
1950年代,ホモ・エレクトス（ジャワ原人・北京原人など）：化石人類の分類を整理し、各地の「原人」をH. erectusにまとめる見方が広がる。後続人類の祖先的段階として重視。,該当なし。この研究は化石DNAによる祖先の除外ではない。,同じ種名への統合は、各地の全集団が現生人類の直接祖先になったという証明ではない。アフリカ型をH. ergasterとして分ける分類もある。,ホモ・エレクトス（ジャワ原人・北京原人など）,1950,1950年代,形態・分類,祖先候補,E010,A12,https://humanorigins.si.edu/evidence/human-fossils/species/homo-erectus
1953年,ピルトダウン人：祖先候補としての資格を失う。人の頭蓋と類人猿の顎などを組み合わせた偽造と判明。,DNAではない。化学的検査・歯や骨の形態の検証で偽造が確定した。,1949年のフッ素検査による年代への疑義と、1953年の偽造暴露を区別。2016年のDNA研究は材料の由来を追加検証した。,ピルトダウン人,1953,1950年代,化学・形態,偽造による除外,E011,A04;A23,https://www.nhm.ac.uk/our-science/services/library/collections/piltdown-man.html | https://pmc.ncbi.nlm.nih.gov/articles/PMC5108962/
1960～1970年代,ラマピテクス：顎と歯の人らしさを重視し、古い人類祖先／ヒト側の初期系統とする説が有力候補の一つとなった。,該当なし。この研究は化石DNAによる祖先の除外ではない。,断片的資料に基づく復元への依存が大きかった。後の顔面化石などでシバピテクスとの関係が見直される。,ラマピテクス,1960,1960年代,形態,歴史的候補,E012,A14;S05,https://www.nature.com/articles/231192a0 | https://www.nature.com/articles/297541a0
1964年,ホモ・ハビリス：新種として命名。猿人とH. erectusをつなぐ初期ホモ属の祖先候補として重視された。,該当なし。この研究は化石DNAによる祖先の除外ではない。,石器製作能力を種名と結び付けたが、石器の存在だけで製作者や祖先関係は決まらない。のちに初期ホモ属の多様性が判明。,ホモ・ハビリス,1964,1960年代,形態・考古,祖先候補,E013,A13;A20,https://humanorigins.si.edu/evidence/human-fossils/species/homo-habilis | https://www.nature.com/articles/nature05986
1967年,ラマピテクス／アフリカ大型類人猿との共通祖先：古い中新世化石を早期のヒト系統とする案に対し、血清タンパク質の比較からヒトとアフリカ類人猿の比較的最近の分岐が提案された。,DNA検査ではなく、現生種の血清アルブミンを使った免疫学的比較。特定化石の直接的な除外ではない。,当時の計算は約500万年前の共通祖先を提案。値は前提に依存し、現在の確定年代としては用いない。現生チンパンジー自体が人の祖先という意味でもない。,ラマピテクス／アフリカ大型類人猿との共通祖先,1967,1960年代,タンパク質（現生）,古い祖先像の再検討,E014,A15;S05,https://pubmed.ncbi.nlm.nih.gov/4964406/ | https://www.nature.com/articles/297541a0
1978～1979年,アウストラロピテクス・アファレンシス（ルーシーなど）：新種の整理と系統分析で、後の猿人やホモ属に先行する祖先的集団として提案。,該当なし。この研究は化石DNAによる祖先の除外ではない。,ルーシーの発見は1974年。特定の個体が人類全体の祖先と判明したわけではない。2025年にも唯一の祖先的基盤とみなす解釈への異論が出る。,アウストラロピテクス・アファレンシス（ルーシーなど）,1979,1970年代,形態,祖先候補,E015,S03;A29;A32,https://pubmed.ncbi.nlm.nih.gov/104384/ | https://www.nature.com/articles/s41586-025-09714-4 | https://www.nature.com/articles/s41586-025-09390-4
1982～1983年,ラマピテクス／シバピテクス：従来の初期人類祖先説から、オランウータンに近い系統という解釈へ大きく移る。,DNAによる除外ではない。化石の顔面・顎・歯の形態と分類の見直しが中心。,ラマピテクスとされた資料の多くをシバピテクスに含める見方。ヒト側の直接祖先という位置づけは支持されなくなる。,ラマピテクス／シバピテクス,1982,1980年代,形態,ヒト側祖先説の後退,E016,S05,https://www.nature.com/articles/297541a0
1980年代後半,アフリカの古いホモ属／ネアンデルタール人・アジアの原人：現生人類の最近のアフリカ起源を支持する遺伝・化石研究が強まり、各地域の旧人・原人がそのまま地域住民の主な祖先になるモデルに対抗。,現生人類の遺伝情報は使うが、この段階では個々の原人・旧人化石のDNAで「非祖先」を確定していない。,現生人類の母系系統の共通祖先と、種の起源・全祖先を同一視できない。後の古代DNAは完全な置換でもないことを示す。,アフリカの古いホモ属／ネアンデルタール人・アジアの原人,1988,1980年代,現生DNA・形態,地域連続説の再検討,E017,A16;S21,https://pubmed.ncbi.nlm.nih.gov/3125610/ | https://pubmed.ncbi.nlm.nih.gov/20448178/
1997年,ネアンデルタール人：初めてのネアンデルタール化石mtDNA解析で、現生人類の母系変異の範囲外に位置した。,ネアンデルタール人：現生人類のmtDNAの直接の供給源ではないとする結果。ただし核DNAでの祖先寄与までは除外できない。,母系の一本の遺伝子系譜の結果。2010年の核ゲノムによる交雑の証拠とは両立する。「一切の祖先ではない」と読んではいけない。,ネアンデルタール人,1997,1990年代,古代DNA（mtDNA）,母系の分岐を支持,E018,S13;S21,https://pubmed.ncbi.nlm.nih.gov/9230299/ | https://pubmed.ncbi.nlm.nih.gov/20448178/
1997年,ホモ・アンテセッサー：アタプエルカの化石を、現生人類とネアンデルタール人の最後の共通祖先の候補として提案。,該当なし。この研究は化石DNAによる祖先の除外ではない。,直接祖先という提案と、共通祖先に近い傍系という解釈が競合。2020年の検証はDNAではなく歯のタンパク質。,ホモ・アンテセッサー,1997,1990年代,形態,共通祖先候補,E019,S14;S30,https://doi.org/10.1126/science.276.5317.1392 | https://www.nature.com/articles/s41586-020-2153-8
1990年代（1998年の検証）,アウストラロピテクス・アナメンシス：年代と形態から、A. afarensisに先行し、その祖先となる可能性が議論された。,該当なし。この研究は化石DNAによる祖先の除外ではない。,種の命名は1995年。2019年に両種の時期の重なりが示され、集団全体が一斉に置き換わる単純な図式が見直される。,アウストラロピテクス・アナメンシス,1998,1990年代,形態・年代,祖先候補,E020,A17;A26,https://www.nature.com/articles/29972 | https://www.nature.com/articles/s41586-019-1513-8
1999年,アウストラロピテクス・ガルヒ：約250万年前の新しい猿人。初期ホモ属の起源を考える祖先候補の一つに加わる。,該当なし。この研究は化石DNAによる祖先の除外ではない。,年代的に好適であっても、Homoへの直系関係が確定するわけではない。周辺の動物骨の加工痕とこの種の行動を機械的に同一視しない。,アウストラロピテクス・ガルヒ,1999,1990年代,形態・年代,祖先候補,E021,A18,https://pubmed.ncbi.nlm.nih.gov/10213683/
2002年,サヘラントロプス・チャデンシス：非常に古いヒト側系統の候補として発表され、人と類人猿の分岐付近の祖先像を拡張。,該当なし。この研究は化石DNAによる祖先の除外ではない。,ヒト側の系統への帰属と二足歩行の解釈には議論があり、後の全人類へ直結する祖先と確定したわけではない。,サヘラントロプス・チャデンシス,2002,2000年代,形態,初期ヒト系統候補,E022,S16,https://www.nature.com/articles/nature00879
2005年（比較対照）,現生チンパンジー：現生チンパンジーを直接祖先とする行は設けず、ヒトと共通祖先を持つ比較対象として収録。,現生ゲノム比較は近縁関係を詳しくするが、「2005年に初めてチンパンジー祖先説が否定された」という出来事ではない。,現在生きるチンパンジーとヒトはともに共通祖先から進化した枝。化石の特定種を祖先と指名することも、この比較だけではできない。,現生チンパンジー,2005,2000年代,現生DNA,共通祖先を持つ別系統,E023,A19,https://www.nature.com/articles/nature04072
2007年,ホモ・ハビリス／ホモ・エレクトス：両者が東アフリカで長期間共存した化石証拠により、habilis全体が一斉にerectusへ変化する直線的モデルが弱まる。,該当なし。この研究は化石DNAによる祖先の除外ではない。,共存だけで祖先・子孫関係の全可能性は否定できない。一部集団から枝分かれした後に祖先型集団が残ることは可能。,ホモ・ハビリス／ホモ・エレクトス,2007,2000年代,形態・年代,単純な直系図の後退,E024,A20,https://www.nature.com/articles/nature05986
2009年,アルディピテクス・ラミドゥス（アルディ）：詳細な骨格分析により、猿人より前の初期ヒト系統と、共通祖先の身体像を考える重要候補となる。,該当なし。この研究は化石DNAによる祖先の除外ではない。,チンパンジーそっくりの祖先像をそのまま投影することを再考させた。A. afarensisへの確実な直系祖先と証明した研究ではない。,アルディピテクス・ラミドゥス（アルディ）,2009,2000年代,形態,初期ヒト系統候補,E025,S20,https://pubmed.ncbi.nlm.nih.gov/19810190/
2010年,ネアンデルタール人：核ゲノム比較により、現生人類の主要系統とは分岐した集団でありながら、交雑で祖先寄与したことが明らかになる。,ネアンデルタール人：完全な非祖先ではない。当時の推定でアフリカ外集団のゲノムの約1～4％に寄与。,主要な起源と部分的な祖先寄与を分ける転換点。数値は当該研究の推定で、全人類一律の割合ではない。1997年のmtDNA結果を全面否定したわけでもない。,ネアンデルタール人,2010,2010年代,古代DNA（核）,交雑による祖先寄与,E026,S21,https://pubmed.ncbi.nlm.nih.gov/20448178/
2010年,デニソワ人：ゲノムからネアンデルタール人に近い別集団を同定。一部現生人類への祖先寄与も示す。,デニソワ人：メラネシア集団などへの遺伝的寄与を確認。非祖先ではなく、分岐後に交雑した祖先集団。,もともと現生人類全体の直系祖先という定説があって、それを否定した事例ではない。集団の同定と交雑の発見がほぼ同時に進んだ。,デニソワ人,2010,2010年代,古代DNA（核）,交雑による祖先寄与,E027,S22,https://www.nature.com/articles/nature09710
2010年,アウストラロピテクス・セディバ：猿人的・ホモ属的特徴の組合せから、Homoの起源に近い種／祖先候補として提示。,該当なし。この研究は化石DNAによる祖先の除外ではない。,マラパ化石は約198万年前。既知の初期Homoより若い問題があり、候補としての評価は割れる。,アウストラロピテクス・セディバ,2010,2010年代,形態,祖先候補,E028,A21;A25,https://pubmed.ncbi.nlm.nih.gov/20378811/ | https://pubmed.ncbi.nlm.nih.gov/31086821/
2012年,ホモ・ルドルフェンシス／ホモ・ハビリス：新しい顔面・顎資料から初期Homoの複数系統が支持され、ひとつの種の連続進化として祖先を並べる説明が複雑になる。,該当なし。この研究は化石DNAによる祖先の除外ではない。,KNM-ER 1470群などの分類をめぐる問題。複数種の確認は、どの種がH. erectusに至ったかの確定と同義ではない。,ホモ・ルドルフェンシス／ホモ・ハビリス,2012,2010年代,形態,複数候補の併存,E029,S23,https://www.nature.com/articles/nature11322
2013年公開（2014年巻号）,シマ・デ・ロス・ウエソス人類：ネアンデルタール的な形態を持ち、H. heidelbergensisにも分類されてきた化石から、デニソワ人に近いmtDNAを検出。,シマ人類：母系DNAはデニソワ側に近い。しかし母系の一本だけで集団全体をデニソワ人と確定できない。,形態と遺伝子系譜の不一致が、祖先集団間の複雑な歴史を示唆。2016年の核DNAでネアンデルタール側との近縁性が明瞭になる。,シマ・デ・ロス・ウエソス人類,2013,2010年代,古代DNA（mtDNA）,単一遺伝子系譜の注意例,E030,A22;S24,https://www.nature.com/articles/nature12788 | https://www.nature.com/articles/nature17405
2016年,シマ・デ・ロス・ウエソス人類／欧州のH. heidelbergensisの一部：核DNAからネアンデルタール系統に近いことが示され、現生人類と旧人の未分化な共通祖先そのものとみる案が後退。,シマ人類：核DNAは現生人類側ではなくネアンデルタール側への帰属を支持。,この化石集団の結果を、マウアー標本やアフリカの「heidelbergensis」全体に拡張できない。遠い交雑経由の系譜上の寄与を一切排除する結果でもない。,シマ・デ・ロス・ウエソス人類／欧州のH. heidelbergensisの一部,2016,2010年代,古代DNA（核）,ネアンデルタール側の系統,E031,S24;S25,https://www.nature.com/articles/nature17405 | https://pubmed.ncbi.nlm.nih.gov/27298468/
2016年,ピルトダウン人の偽造に使われたオランウータン：DNAと形態の再調査で、複数の偽造材料に同じオランウータン個体が使われたことなどを支持。,DNAで類人猿材料の由来を検証。ただし「ピルトダウン人が祖先でない」と初めて判明した年は2016年ではない。,偽造の確定は1953年。実在種の系統を否定したのではなく、組み合わせられた標本の正体を調べた事例。,ピルトダウン人の偽造に使われたオランウータン,2016,2010年代,古代DNA・形態,偽造材料の追加同定,E032,A23;A04,https://pmc.ncbi.nlm.nih.gov/articles/PMC5108962/ | https://www.nhm.ac.uk/our-science/services/library/collections/piltdown-man.html
2019年,ギガントピテクス：歯のエナメル質のタンパク質配列から、ヒト側ではなくオランウータン系統に属することを支持。,DNAではない。古代タンパク質の解析による系統判定。,1930～1940年代の人類祖先説を支持しない分子証拠。古代DNAと古代タンパク質を混同しない代表例。,ギガントピテクス,2019,2010年代,古代タンパク質,ヒト側祖先説を支持しない,E033,A24;A10,https://www.nature.com/articles/s41586-019-1728-8 | https://onlinelibrary.wiley.com/doi/full/10.1002/ajpa.23150
2019年,アウストラロピテクス・セディバ：年代分布の統計的検討から、既知のsedibaをHomoの祖先とみる可能性が低いとする論文が出る。,DNAではない。化石記録の年代と統計モデルに基づく批判。,若い化石の年代は種全体の出現年代と同一ではないため、未知の古い個体群の可能性は残る。議論中の候補を完全否定と記録しない。,アウストラロピテクス・セディバ,2019,2010年代,年代・統計,祖先説への批判,E034,A25;A21,https://pubmed.ncbi.nlm.nih.gov/31086821/ | https://pubmed.ncbi.nlm.nih.gov/20378811/
2019年,アウストラロピテクス・アナメンシス／アファレンシス：新しい頭蓋と年代解釈から両種の時期の重なりが示され、anamensisからafarensisへの単純な一斉移行像を再検討。,該当なし。この研究は化石DNAによる祖先の除外ではない。,枝分かれによる祖先関係は可能で、anamensisを祖先候補から外した研究ではない。,アウストラロピテクス・アナメンシス／アファレンシス,2019,2010年代,形態・年代,単純な直系図の後退,E035,A26,https://www.nature.com/articles/s41586-019-1513-8
2020年,ホモ・アンテセッサー：エナメル質のタンパク質解析は、現生人類・ネアンデルタール人・デニソワ人を生んだ系統に近い姉妹系統を支持。,DNAではない。古代タンパク質から共通祖先そのものより、近縁の枝として位置づけ。,系統樹上の姉妹群という推定を「いかなる意味でも祖先でないことが確定」とは言い換えない。共通祖先の形態を知る手掛かりとして残る。,ホモ・アンテセッサー,2020,2020年代,古代タンパク質,共通祖先に近い姉妹系統,E036,S30;S14,https://www.nature.com/articles/s41586-020-2153-8 | https://doi.org/10.1126/science.276.5317.1392
2020年,ローデシア人（カブウェ）：カブウェ頭蓋が約29.9万±2.5万年前と推定され、初期H. sapiensと同時代に古い形態の人類が存在した可能性が強まる。,DNAではない。放射年代測定による祖先像の再検討。,カブウェ個体の年代を古い祖先段階として単純に置くことが難しくなった。種／集団全体からの祖先寄与まで否定しない。,ローデシア人（カブウェ）,2020,2020年代,年代,直線的な祖先像の再検討,E037,S31,https://www.nature.com/articles/s41586-020-2165-4
2021年公開（2022年巻号）,ホモ・ボドエンシス：ボド頭蓋を基準に、アフリカ中期更新世のH. sapiens祖先に関わる集団を新名で整理する提案。,該当なし。この研究は化石DNAによる祖先の除外ではない。,新しい祖先DNAの発見ではなく、従来heidelbergensis／rhodesiensisと呼ばれた資料の分類・命名提案。定説として扱わない。,ホモ・ボドエンシス,2021,2020年代,形態・分類,分類提案・議論中,E038,A27,https://pmc.ncbi.nlm.nih.gov/articles/PMC9297855/
2022年,ホモ・ボドエンシス／ハイデルベルク人／ローデシア人：新名称の必要性や分類問題を解決できるかに批判が出る。現生人類祖先の呼び方は統一されていない。,該当なし。この研究は化石DNAによる祖先の除外ではない。,種名の変更・不採用と、標本が系統上の祖先でないことの証明は別問題。,ホモ・ボドエンシス／ハイデルベルク人／ローデシア人,2022,2020年代,分類・学説批判,分類提案・議論中,E039,A28;A27,https://doi.org/10.1002/evan.21950 | https://pmc.ncbi.nlm.nih.gov/articles/PMC9297855/
2025年,ハルビン頭蓋（ホモ・ロンギと命名された標本）：歯石由来mtDNAがデニソワ人との近縁性を示し、形態だけでの分類から分子証拠による位置づけへ進む。,ハルビン標本：mtDNAはデニソワ系統。ただしH. longiに含められたすべての化石のDNAを検査したわけではない。,デニソワ人の部分的祖先寄与は既に2010年に示されている。この標本を現生人類の直系祖先から初めて外した、という説明は不適切。,ハルビン頭蓋（ホモ・ロンギと命名された標本）,2025,2020年代,古代DNA（mtDNA）,デニソワ側の系統,E040,S40;S22,https://doi.org/10.1016/j.cell.2025.05.040 | https://www.nature.com/articles/nature09710
2025年11月,アウストラロピテクス・アファレンシス／デイレメダ／アナメンシス：A. deyiremedaの新資料などから、afarensisが後の人類すべての祖先的基盤という図式への疑問が再燃。,該当なし。この研究は化石DNAによる祖先の除外ではない。,デイレメダの歯・足の特徴は別の進化経路の可能性を示す。afarensisの祖先性がDNAで否定されたわけではなく、当年の他の研究でも有力な基盤候補とされる。,アウストラロピテクス・アファレンシス／デイレメダ／アナメンシス,2025,2020年代,形態,祖先候補間の議論,E041,A29;A30;A32,https://www.nature.com/articles/s41586-025-09714-4 | https://www.nhm.ac.uk/discover/news/2025/november/early-hominin-australopithecus-afarensis-may-not-be-our-human-ancestor.html | https://www.nature.com/articles/s41586-025-09390-4
2026年1月7日,トマ採石場Iの初期人類（広義のH. erectusに近い形態）：約77.3万年前の北アフリカ化石を、H. sapiensに至るアフリカ系統の初期段階を知る重要資料として提示。,該当なし。この研究は化石DNAによる祖先の除外ではない。,顎・歯などの形態と地磁気年代が中心。現生人類そのものが77万年前にいたという意味でも、特定個体が最後の共通祖先と確定したという意味でもない。,トマ採石場Iの初期人類（広義のH. erectusに近い形態）,2026,2020年代,形態・年代,祖先系統に近い新資料,E042,S42;A33,https://www.nature.com/articles/s41586-025-09914-y | https://www.nature.com/articles/d41586-025-03986-6
2026年1月13日,ホモ・ハビリス（KNM-ER 64061など）：約202～206万年前の部分骨格が報告され、初期Homoの身体像と他の人類への関係を検討する資料が増える。,該当なし。この研究は化石DNAによる祖先の除外ではない。,歯との関連づけを含む化石研究。habilisからerectus、さらにsapiensへという祖先関係をDNAで確定／否定した発見ではない。,ホモ・ハビリス（KNM-ER 64061など）,2026,2020年代,形態・年代,初期ホモ属の再検討,E043,A31,https://doi.org/10.1002/ar.70100
2026年9月9日,中国南西部のデニソワ人化石：古代タンパク質によりデニソワ人の化石資料と分布の理解が拡大。既知の交雑集団に対応する身体資料が増える。,今回の同定はDNAではなく古代タンパク質。祖先寄与の根拠は別途のゲノム研究。,新たに全人類の直系祖先と判明した研究ではない。調査締切2026年9月27日までに確認した関連する最新の一次研究の一つ。,中国南西部のデニソワ人化石,2026,2020年代,古代タンパク質,交雑集団の化石同定,E044,S45;S22,https://www.nature.com/articles/s41586-026-10976-9 | https://www.nature.com/articles/nature09710
