source_id,publication_year,title,url,source_type,checked_scope,note,accessed_on
A01,1900,Pithecanthropus erectus: a form from the ancestral stock of mankind,https://preview.wellcomecollection.org/works/czbkt8pc,当時の原著・所蔵目録,Wellcome所蔵目録・原著の公開情報（1890年代の説の1900年刊行版）,,2026-09-27
A02,2010,"Radiometric dating of the type-site for Homo heidelbergensis at Mauer, Germany",https://pmc.ncbi.nlm.nih.gov/articles/PMC2993404/,原著論文,出版社・索引の抄録／公開抜粋,,2026-09-27
A03,2021,Brutish Neanderthals: History of a merciless characterization,https://pubmed.ncbi.nlm.nih.gov/34350666/,学史研究,出版社・索引の抄録／公開抜粋,,2026-09-27
A04,,Piltdown Man collection,https://www.nhm.ac.uk/our-science/services/library/collections/piltdown-man.html,博物館による学史解説,出版社・索引の抄録／公開抜粋,,2026-09-27
A05,1928,British Museum (Natural History): Rhodesian Man and Associated Remains,https://www.nature.com/articles/122798a0,当時の書評・紹介,出版社・索引の抄録／公開抜粋,,2026-09-27
A06,1925,Australopithecus africanus: The Man-Ape of South Africa,https://www.nature.com/articles/115195a0,原著論文,出版社・索引の抄録／公開抜粋,,2026-09-27
A07,,Australopithecus africanus,https://humanorigins.si.edu/evidence/human-fossils/species/australopithecus-africanus,博物館による専門解説,出版社・索引の抄録／公開抜粋,,2026-09-27
A08,1937,Peking Man: The New Skulls and the Evolutionary Problem,https://www.nature.com/articles/139261a0,当時の研究解説,出版社・索引の抄録／公開抜粋,,2026-09-27
A09,1939,Pithecanthropus and Peking Man: Comparative Studies,https://www.nature.com/articles/144933b0,当時の研究解説,出版社・索引の抄録／公開抜粋,,2026-09-27
A10,2017,Gigantopithecus blacki: a giant ape from the Pleistocene of Asia revisited,https://onlinelibrary.wiley.com/doi/full/10.1002/ajpa.23150,総説,出版社・索引の抄録／公開抜粋,,2026-09-27
A11,1949,Additional Remains of Australopithecus in South Africa,https://www.nature.com/articles/163630d0,原著論文,出版社・索引の抄録／公開抜粋,,2026-09-27
A12,,Homo erectus,https://humanorigins.si.edu/evidence/human-fossils/species/homo-erectus,博物館による専門解説,出版社・索引の抄録／公開抜粋,,2026-09-27
A13,,Homo habilis,https://humanorigins.si.edu/evidence/human-fossils/species/homo-habilis,博物館による専門解説,出版社・索引の抄録／公開抜粋,,2026-09-27
A14,1971,"Ramapithecus wickeri Mandible from Fort Ternan, Kenya",https://www.nature.com/articles/231192a0,原著論文,出版社・索引の抄録／公開抜粋,,2026-09-27
A15,1967,Immunological time scale for hominid evolution,https://pubmed.ncbi.nlm.nih.gov/4964406/,原著論文,出版社・索引の抄録／公開抜粋,,2026-09-27
A16,1988,Genetic and fossil evidence for the origin of modern humans,https://pubmed.ncbi.nlm.nih.gov/3125610/,原著論文,出版社・索引の抄録／公開抜粋,,2026-09-27
A17,1998,New specimens and confirmation of an early age for Australopithecus anamensis,https://www.nature.com/articles/29972,原著論文,出版社・索引の抄録／公開抜粋,,2026-09-27
A18,1999,Australopithecus garhi: a new species of early hominid from Ethiopia,https://pubmed.ncbi.nlm.nih.gov/10213683/,原著論文,出版社・索引の抄録／公開抜粋,,2026-09-27
A19,2005,Initial sequence of the chimpanzee genome and comparison with the human genome,https://www.nature.com/articles/nature04072,原著論文,出版社・索引の抄録／公開抜粋,,2026-09-27
A20,2007,"Implications of new early Homo fossils from Ileret, east of Lake Turkana, Kenya",https://www.nature.com/articles/nature05986,原著論文,出版社・索引の抄録／公開抜粋,,2026-09-27
A21,2010,Australopithecus sediba: a new species of Homo-like australopith from South Africa,https://pubmed.ncbi.nlm.nih.gov/20378811/,原著論文,出版社・索引の抄録／公開抜粋,,2026-09-27
A22,2013,A mitochondrial genome sequence of a hominin from Sima de los Huesos,https://www.nature.com/articles/nature12788,原著論文,出版社・索引の抄録／公開抜粋,,2026-09-27
A23,2016,New genetic and morphological evidence suggests a single hoaxer created Piltdown man,https://pmc.ncbi.nlm.nih.gov/articles/PMC5108962/,原著論文,出版社・索引の抄録／公開抜粋,,2026-09-27
A24,2019,Enamel proteome shows that Gigantopithecus was an early diverging pongine,https://www.nature.com/articles/s41586-019-1728-8,原著論文,出版社・索引の抄録／公開抜粋,,2026-09-27
A25,2019,Temporal evidence shows Australopithecus sediba is unlikely to be the ancestor of Homo,https://pubmed.ncbi.nlm.nih.gov/31086821/,原著論文,出版社・索引の抄録／公開抜粋,,2026-09-27
A26,2019,"A 3.8-million-year-old hominin cranium from Woranso-Mille, Ethiopia",https://www.nature.com/articles/s41586-019-1513-8,原著論文,出版社・索引の抄録／公開抜粋,,2026-09-27
A27,2021,Resolving the muddle in the middle: The case for Homo bodoensis sp. nov.,https://pmc.ncbi.nlm.nih.gov/articles/PMC9297855/,命名・分類提案,出版社・索引の抄録／公開抜粋,,2026-09-27
A28,2022,The naming of Homo bodoensis by Roksandic and colleagues does not resolve issues surrounding Middle Pleistocene human evolution,https://doi.org/10.1002/evan.21950,提案への批判論文,出版社・索引の抄録／公開抜粋,,2026-09-27
A29,2025,New finds shed light on diet and locomotion in Australopithecus deyiremeda,https://www.nature.com/articles/s41586-025-09714-4,原著論文,出版社・索引の抄録／公開抜粋,,2026-09-27
A30,2025,Early hominin Australopithecus afarensis may not be our human ancestor,https://www.nhm.ac.uk/discover/news/2025/november/early-hominin-australopithecus-afarensis-may-not-be-our-human-ancestor.html,研究参加機関による専門解説,出版社・索引の抄録／公開抜粋,,2026-09-27
A31,2026,"New partial skeleton of Homo habilis from the upper Burgi Member, Koobi Fora Formation, Ileret, Kenya",https://doi.org/10.1002/ar.70100,原著論文,出版社・索引の抄録／公開抜粋,,2026-09-27
A32,2025,"New discoveries of Australopithecus and Homo from Ledi-Geraru, Ethiopia",https://www.nature.com/articles/s41586-025-09390-4,原著論文,出版社・索引の抄録／公開抜粋,,2026-09-27
A33,2026,Of all the quarries: Casablanca fossils reveal African ancestors of Homo sapiens,https://www.nature.com/articles/d41586-025-03986-6,専門家による論評,出版社・索引の抄録／公開抜粋,,2026-09-27
S03,1979,A systematic assessment of early African hominids,https://pubmed.ncbi.nlm.nih.gov/104384/,原著論文,出版社・索引の抄録／公開抜粋,,2026-09-27
S05,1982,The relationships of Sivapithecus and Ramapithecus and the evolution of the orang-utan,https://www.nature.com/articles/297541a0,原著論文,出版社・索引の抄録／公開抜粋,書誌は国立国会図書館のDOI記録でも照合。,2026-09-27
S13,1997,Neandertal DNA sequences and the origin of modern humans,https://pubmed.ncbi.nlm.nih.gov/9230299/,原著論文,出版社・索引の抄録／公開抜粋,,2026-09-27
S14,1997,"A Hominid from the Lower Pleistocene of Atapuerca, Spain: Possible Ancestor to Neandertals and Modern Humans",https://doi.org/10.1126/science.276.5317.1392,原著論文,著者公開情報・書誌と後続原著の引用／解釈を照合,,2026-09-27
S16,2002,"A new hominid from the Upper Miocene of Chad, Central Africa",https://www.nature.com/articles/nature00879,原著論文,出版社・索引の抄録／公開抜粋,,2026-09-27
S20,2009,Ardipithecus ramidus and the paleobiology of early hominids,https://pubmed.ncbi.nlm.nih.gov/19810190/,原著論文,出版社・索引の抄録／公開抜粋,,2026-09-27
S21,2010,A draft sequence of the Neandertal genome,https://pubmed.ncbi.nlm.nih.gov/20448178/,原著論文,出版社・索引の抄録／公開抜粋,,2026-09-27
S22,2010,Genetic history of an archaic hominin group from Denisova Cave in Siberia,https://www.nature.com/articles/nature09710,原著論文,出版社・索引の抄録／公開抜粋,,2026-09-27
S23,2012,New fossils from Koobi Fora in northern Kenya confirm taxonomic diversity in early Homo,https://www.nature.com/articles/nature11322,原著論文,出版社・索引の抄録／公開抜粋,,2026-09-27
S24,2016,Nuclear DNA sequences from the Middle Pleistocene Sima de los Huesos hominins,https://www.nature.com/articles/nature17405,原著論文,出版社・索引の抄録／公開抜粋,,2026-09-27
S25,2016,The origin and evolution of Homo sapiens,https://pubmed.ncbi.nlm.nih.gov/27298468/,研究者による総説,出版社・索引の抄録／公開抜粋,,2026-09-27
S30,2020,The dental proteome of Homo antecessor,https://www.nature.com/articles/s41586-020-2153-8,原著論文,出版社・索引の抄録／公開抜粋,,2026-09-27
S31,2020,"Dating the skull from Broken Hill, Zambia, and its position in human evolution",https://www.nature.com/articles/s41586-020-2165-4,原著論文,出版社・索引の抄録／公開抜粋,,2026-09-27
S40,2025,"Denisovan mitochondrial DNA from dental calculus of the >146,000-year-old Harbin cranium",https://doi.org/10.1016/j.cell.2025.05.040,原著論文,著者所属機関公開PDFの抜粋と出版社書誌を照合,,2026-09-27
S42,2026,Early hominins from Morocco basal to the Homo sapiens lineage,https://www.nature.com/articles/s41586-025-09914-y,原著論文,本文の考察・結論・方法抜粋・公開日を確認,公開2026年1月7日。DOIに2025を含むが2026年論文。,2026-09-27
S45,2026,Ancient proteins identify various Denisovan remains from Southwest China,https://www.nature.com/articles/s41586-026-10976-9,原著論文,出版社公開抜粋・PubMed抄録・出版社日本語解説を照合,オンライン公開2026年9月9日。PubMed:42717084。,2026-09-27
