event_id,year_start,year_end,period_id,topic,title,previous_view,new_view,evidence,status_as_of_2026,limitations,ancient_age_text,source_ids,related_event_ids,status_group,source_urls,as_of
E01,1973,1973,P70,遠い祖先・初期ヒト属,KNM-ER 1470が初期ヒト属の系統論争を拡大,初期ヒト属を少数の化石から一本の系統に並べる復元があった。,大きな脳と独特な顔の組合せが、同時代の人類の多様性とホモ属の境界を問題にした。,1972年発見、1973年記載の頭蓋骨。,分類・系統は論争継続,当初の約290万年前という年代を現在値として使わない。化石の存在と直系祖先であることは別。,当初推定約290万年前。後の年代・分類は再検討。,S01;S23,E20;E41,論争・未解決,https://www.nature.com/articles/242447a0 | https://www.nature.com/articles/nature11322,2026-09-27
E02,1974,1974,P70,起源モデル,頭蓋の数量比較が現生人類起源の議論を変える,形態の似た部分を地域的連続性やネアンデルタール祖先説に結びつける議論があった。,多数の頭蓋計測値の比較が、現生人類とネアンデルタールの区別、アフリカ化石の位置を検討する基盤となった。,Stringerの多変量頭蓋比較。,後のモデル形成の基盤,1974年に学界全体がアフリカ起源へ転換したという意味ではない。,後期更新世を中心とする比較。,S02;S46,E08,方法・研究史,https://www.sciencedirect.com/science/article/pii/030544037490051X | https://onlinelibrary.wiley.com/doi/full/10.1002/ajpa.23330,2026-09-27
E03,1974,1979,P70,遠い祖先・初期ヒト属,ルーシーとアファレンシスの祖先候補化,アウストラロピテクス間の系統関係は標本不足で不明瞭だった。,アファレンシスをホモ属や後続のアウストラロピテクスにつながる基部の候補に置く仮説が具体化した。,1974年ルーシー発見、1978年命名、1979年の系統評価。,有力な祖先候補・直系は未確定,ルーシーという個体を全人類の直接の祖先と証明したわけではない。,約320万年前のルーシーなど。,S03,E18;E41,論争・未解決,https://pubmed.ncbi.nlm.nih.gov/104384/,2026-09-27
E04,1978,1979,P70,遠い祖先・初期ヒト属,ラエトリ足跡で早い時期の二足歩行を裏づけ,二足歩行の復元は主として骨格形態に依存していた。,大きな脳をもつホモ属の出現より前に、二足歩行していたことが足跡からも支持された。,1978年の主要足跡列発掘と1979年報告。,基本的知見として支持,足跡の製作者の種と歩き方の細部は、足跡だけで一意に決まらない。,約360万年前。,S04,E03,支持・精密化,https://www.nature.com/articles/278317a0,2026-09-27
E05,1982,1982,P80,遠い祖先・初期ヒト属,ラマピテクスを人類祖先とする説が後退,歯・顎の特徴からラマピテクスを古い人類祖先とする説が有力だった。,シヴァピテクスとの関係やオランウータンとの形態的類似が、人類直系説を弱めた。,より多くの顔面・顎資料を用いる比較解剖。,人類直系説は支持を失う,分類の整理は段階的だった。1982年の一論文だけで全化石の所属が確定したわけではない。,中新世の類人猿。,S05,E03;E18,修正・支持低下,https://www.nature.com/articles/297541a0,2026-09-27
E06,1984,1984,P80,起源モデル,古典的多地域進化モデルの定式化,現生人類への地域的連続性を主張する複数の歴史的説があった。,アフリカから広がった古いホモ集団が、地域間の遺伝子流動を保ちつつ世界各地で進化したと説明。,Wolpoff・Wu・Thorneによる化石形態の地域的連続性の議論。,古典的な形では支持が大幅に弱まる,独立した別起源や、地域間の交流がない説と混同しない。2010年以降の交雑確認だけで全体が立証されたわけでもない。,ホモ属の長期進化を対象。,S06;S46,E08;E19,修正・支持低下,https://doi.org/10.1101/gr.8.4.339 | https://onlinelibrary.wiley.com/doi/full/10.1002/ajpa.23330,2026-09-27
E07,1987,1987,P80,遺伝学・交雑,ミトコンドリアDNAが最近のアフリカ起源を支持,化石の解釈だけでは起源地域と時期のモデルを判別しにくかった。,現代人の母系系統をたどる解析が、比較的最近のアフリカ共通祖先を支持した。,Cann・Stoneking・WilsonによるmtDNA比較。,基本方向は支持・推定は精密化,ミトコンドリア・イブは最初の女性でも、当時ただ一人の女性でもない。mtDNAの祖先と種の誕生は別。,原論文の母系共通祖先推定は約20万年前。,S07,E14;E19,支持・精密化,https://www.nature.com/articles/325031a0,2026-09-27
E08,1988,1988,P80,起源モデル,化石と遺伝学を統合した最近アフリカ起源説,多地域進化と単一起源をめぐり異なる証拠の評価が競合していた。,Stringer・Andrewsが化石と遺伝学の双方から最近アフリカ起源を論証。,1988年Science論文による証拠の統合。,アフリカ起源の骨格は強く支持,交雑を全く認めない完全置換の解釈は後に修正。アフリカ起源そのものの否定ではない。,現生人類の比較的最近の成立と拡散。,S08,E10;E19;E25,支持・精密化,https://pubmed.ncbi.nlm.nih.gov/3125610/,2026-09-27
E09,1988,1988,P80,年代・拡散,カフゼーの年代が単純な旧人→新人の順序を崩す,レヴァントで現代的形態の人類をネアンデルタールより一律に新しいと見る解釈があった。,早い現生人類と後のネアンデルタールという複雑な地域史を考える必要が生じた。,焼けたフリントの熱ルミネッセンス年代測定。,早期の域外拡散を支持,一地域の存在記録から、現在の非アフリカ人の主な祖先集団を直接特定できない。,カフゼーの報告値は約9.2万年前。,S09,E26;E32,支持・精密化,https://www.nature.com/articles/331614a0,2026-09-27
E10,1989,1989,P80,起源モデル,同化モデルが二者択一を超える,完全置換と世界規模の多地域進化が対立軸として目立っていた。,アフリカで成立した現生人類の拡大と、在地の古い人類の一部吸収を組み合わせた。,Smith・Falsetti・Donnellyの1989年総説と後のモデル史。,交雑を含む枠組みは後に支持,同化の程度・方向・地域別の人口史まですべてが予測どおりだったわけではない。,後期更新世の現生人類の拡大。,S10;S11,E19;E21,支持・精密化,https://onlinelibrary.wiley.com/doi/abs/10.1002/ajpa.1330320504 | https://www.sciencedirect.com/science/article/pii/S104061821630386X,2026-09-27
E11,1994,1994,P90,起源モデル,形態データから単一起源モデルを検証,地域的な形態の類似をそのまま連続した祖先関係とみなす議論があった。,形態の距離とモデル予測を統計的に比較し、単一起源への支持を提示した。,頭蓋形態の行列相関を用いたモデル比較。,当時の単一起源支持の一例,形態一研究の結果を学界全体の投票や最終判定として扱わない。,更新世と現代人の形態比較。,S12,E08;E12,方法・研究史,https://www.nature.com/articles/368452a0,2026-09-27
E12,1997,1997,P90,遺伝学・交雑,ネアンデルタールのmtDNAを初めて比較,化石形態からの交雑・祖先関係の議論に直接の遺伝的証拠が乏しかった。,ネアンデルタールmtDNAが現代人の変異の外に位置し、単純な直接祖先説を弱めた。,古代骨からのmtDNA抽出・配列比較。,結果は支持・交雑否定への拡張は修正,母系の一系統が残らないことは、核ゲノムへの遺伝的寄与がないことを意味しない。,ネアンデルタールと現代人の母系分岐。,S13,E19,修正・支持低下,https://pubmed.ncbi.nlm.nih.gov/9230299/,2026-09-27
E13,1997,1997,P90,共通祖先・分類,ホモ・アンテセッサーを共通祖先候補として提案,サピエンスとネアンデルタールの共通祖先の化石同定が不明瞭だった。,スペインの化石の特徴の組合せから、新種と共通祖先候補を提案。,グラン・ドリナTD6の頭蓋・顎・歯の形態。,直系祖先仮説は後に再評価,候補の提案であり確定ではない。2020年のタンパク質解析は共通祖先に近い姉妹系統を支持。,前期更新世。,S14;S30,E27,修正・支持低下,https://doi.org/10.1126/science.276.5317.1392 | https://www.nature.com/articles/s41586-020-2153-8,2026-09-27
E14,2000,2000,P00,遺伝学・交雑,mtDNAの部分配列から全配列へ,初期の母系解析は主に短い制御領域に依存していた。,ミトコンドリア全配列の比較により、母系系統史と最近アフリカ起源を再検討・補強した。,全ミトコンドリアゲノムの配列解析。,解析範囲の拡張として定着,全mtDNAでも一つの母系座位であり、核ゲノム全体の歴史と同じではない。,現代人の母系共通祖先。,S15,E07;E19,支持・精密化,https://www.nature.com/articles/35047064,2026-09-27
E15,2002,2002,P00,遠い祖先・初期ヒト属,サヘラントロプスが初期人類の地域像を拡大,最初期人類の説明は東アフリカ資料への依存が強かった。,チャドの非常に古い化石が、起源を考える地理的範囲を中央アフリカへ広げた。,頭蓋・歯の形態による新種記載。,初期人類候補・系統的位置は論争,頭蓋のみから二足歩行やサピエンスへの直系を確定できない。,後期中新世、約600万〜700万年前。,S16,E18,論争・未解決,https://www.nature.com/articles/nature00879,2026-09-27
E16,2003,2003,P00,年代・拡散,ヘルト化石がアフリカでの移行を裏づけ,アフリカで現生人類が成立する時期の化石記録に空白があった。,古い特徴と現代的特徴を備えた頭蓋が、アフリカでの段階的な成立を支持した。,エチオピア・ヘルトの形態と層序・放射年代。,アフリカ起源を支持,H. sapiens idaltuという亜種名の採用と、化石の重要性への評価は区別する。,約16万〜15.4万年前。,S17,E17;E23,支持・精密化,https://www.nature.com/articles/nature01669,2026-09-27
E43,2004,2004,P00,共通祖先・分類,フローレス人が後期まで残る人類の多様性を拡大,後期更新世の人類を少数の大型脳の系統だけで説明しがちだった。,非常に小型で小脳の別系統という解釈が、ホモ属の進化と分岐を再検討させた。,インドネシアの骨格に基づく新種記載。,別系統の存在は支持・起源は論争,病理的サピエンス説との論争を経た。2004年当時の若い年代を現在値として流用しない。直系祖先とは位置づけない。,後期更新世。初報の年代は後に修正。,S18,E24,論争・未解決,https://www.nature.com/articles/nature02999,2026-09-27
E17,2005,2005,P00,年代・拡散,オモ化石の年代が約19.5万年前に更新,オモ化石の年代には幅があり、現生人類の成立時期を決めにくかった。,再年代測定でアフリカの早い現生人類記録がさらに古くなった。,火山灰層の層序と40Ar/39Ar年代。,年代は2022年にさらに再評価,約19.5万年前を現在のオモIの確定年代として固定しない。,2005年推定約19.5万年前。,S19,E29,修正・支持低下,https://www.nature.com/articles/nature03258,2026-09-27
E18,2009,2009,P00,遠い祖先・初期ヒト属,アルディが共通祖先と歩行環境の復元を問い直す,ヒトとチンパンジーの共通祖先を現生チンパンジーに近く復元する傾向があった。,樹上活動と地上の二足歩行に関わる特徴の組合せが、単純な復元を難しくした。,アルディピテクス・ラミダスの骨格と環境資料の統合。,重要な復元・細部は論争,現生チンパンジーは人類の祖先そのものではない。アルディの直系関係も確定していない。,約440万年前。,S20,E03;E15,論争・未解決,https://pubmed.ncbi.nlm.nih.gov/19810190/,2026-09-27
E19,2010,2010,P10a,遺伝学・交雑,ネアンデルタール核ゲノムが完全置換説を修正,古代mtDNAの結果は、交雑なしの置換と整合的に解釈されることが多かった。,現在の非アフリカ集団にネアンデルタール由来の遺伝的寄与があることを示した。,古代核ゲノムと現代人のゲノム比較。,交雑の存在は強く支持,アフリカ起源の否定ではない。現在の個人・集団で寄与率は異なり、単一の固定率ではない。,出アフリカ後を含む後期更新世の交流。,S21,E08;E10;E12;E32,支持・精密化,https://pubmed.ncbi.nlm.nih.gov/20448178/,2026-09-27
E21,2010,2010,P10a,遺伝学・交雑,デニソワ人をゲノムで識別,アジアの古い人類の系統関係は、断片的な化石形態から推定されていた。,従来区別されなかった集団をDNAで識別し、現代の一部集団への寄与も検出した。,デニソワ洞窟の微小化石から核ゲノムを解析。,独自系統と交雑は強く支持,デニソワ人は当初から正式な新種名として命名されたわけではない。,後期更新世のアジアと現代人の遺伝的つながり。,S22,E35;E40,支持・精密化,https://www.nature.com/articles/nature09710,2026-09-27
E20,2012,2012,P10a,遠い祖先・初期ヒト属,初期ホモ属の複数系統という解釈を補強,KNM-ER 1470などの違いを一種内の変異とするか別種とするかが争われた。,追加化石が初期ホモ属の分類上の多様性を支持し、単純な一本の進化系列を弱めた。,クービ・フォラの顔面・顎化石の比較。,多様性は支持・種の境界は論争,各種がサピエンスの直系祖先かどうかは未解決。,約200万年前前後の初期ホモ属。,S23,E01;E41,論争・未解決,https://www.nature.com/articles/nature11322,2026-09-27
E22,2016,2016,P10b,共通祖先・分類,シマ核DNAがネアンデルタール系統を特定,シマ化石のmtDNAはデニソワ人に近く、形態との食い違いがあった。,核DNAはネアンデルタール側との近縁性を示し、母系史と集団史の違いを明らかにした。,シマ・デ・ロス・ウエソス化石の核DNA。,ネアンデルタール側の位置を支持,ハイデルベルゲンシスと呼ばれた化石すべてを同じ共通祖先集団にまとめることはできない。,約43万年前。,S24;S25,E27;E37,支持・精密化,https://www.nature.com/articles/nature17405 | https://pubmed.ncbi.nlm.nih.gov/27298468/,2026-09-27
E23,2017,2017,P10b,年代・拡散,ジェベル・イルードがサピエンスの古さと地域像を更新,約20万年前の東アフリカを中心とする簡潔な起源像が広く紹介されていた。,北アフリカの約30万年前の化石を初期サピエンスに位置づけ、大陸規模の成立を考える材料が増えた。,顔・歯と頭蓋形状のモザイク、焼けた石器の熱ルミネッセンス年代。,重要な化石記録・分類境界に議論,31.5±3.4万年前は関連資料の年代。モロッコ一地点が唯一の発祥地と確定したわけではない。,31.5±3.4万年前。,S26,E25;E29,論争・未解決,https://www.nature.com/articles/nature22336,2026-09-27
E24,2017,2017,P10b,共通祖先・分類,ホモ・ナレディの若い年代が形態と時代の対応を崩す,小さな脳や古い形態なら非常に古い化石だと予測しやすかった。,原始的特徴を残す別系統が、初期サピエンスに近い時期にもアフリカに存在した。,2015年記載のナレディに対する2017年の年代研究と統合評価。,年代と同時期の多様性を支持,同時代の存在は、交雑・同所共存・直系祖先であることをそれだけで示さない。,約33.5万〜23.6万年前。,S27,E28,論争・未解決,https://doi.org/10.7554/eLife.24234,2026-09-27
E25,2018,2018,P10b,起源モデル,汎アフリカ的な集団構造モデルを明示,一つの小さな孤立集団から完成した現生人類が拡大する像が使われていた。,アフリカの分化した集団が断続的につながり、形態・文化・遺伝的特徴が成立したとする枠組みを提示。,化石・考古資料・遺伝学・古環境の統合。,有力な研究枠組み・具体像は未確定,世界規模の古典的多地域進化説とは地理・時期・内容が異なる。全地域の均等な寄与を意味しない。,中期〜後期更新世のアフリカ。,S28,E06;E30;E34,論争・未解決,https://pubmed.ncbi.nlm.nih.gov/30007846/,2026-09-27
E26,2019,2019,P10b,年代・拡散,アピディマが早いヨーロッパ進出の候補に,ヨーロッパの現生人類史を主として約4万〜5万年前以後に置く像が一般的だった。,ギリシャの頭蓋片を、より早いサピエンスの拡散の証拠とする解釈が提案された。,仮想復元・形態比較・ウラン系列年代。,種同定と解釈は論争継続,不完全な標本。早い進出の存在と、現代ヨーロッパ人への継続した祖先寄与は別。,アピディマ1は約21万年前より古いと報告。,S29,E09;E32,論争・未解決,https://www.nature.com/articles/s41586-019-1376-z,2026-09-27
E27,2020,2020,P20,共通祖先・分類,アンテセッサーのタンパク質が系統推定を更新,アンテセッサーはサピエンスとネアンデルタールの直接の共通祖先候補だった。,歯のタンパク質は、サピエンス・ネアンデルタール・デニソワの共通祖先に近い姉妹系統という位置を支持。,古代エナメル質タンパク質の配列解析。,近縁な姉妹系統を支持,情報量は全ゲノムより少なく、個々の化石から直接の祖先個体を認定する方法ではない。,約80万年前級の歯。,S30,E13;E22,論争・未解決,https://www.nature.com/articles/s41586-020-2153-8,2026-09-27
E28,2020,2020,P20,年代・拡散,カブウェ再年代測定でアフリカの同時代の多様性が明確に,古風な大型頭蓋を初期サピエンスより十分古い一段階として置きやすかった。,約30万年前の年代が、初期サピエンスと別の形態の人類が近い時期にいた像を補強。,頭蓋・歯の直接的な年代評価。,多様性を支持・祖先関係は未確定,古い形態だから直系祖先とは限らない。ハイデルベルゲンシス等の名称には異論がある。,29.9±2.5万年前。,S31,E24;E37,論争・未解決,https://www.nature.com/articles/s41586-020-2165-4,2026-09-27
E29,2022,2022,P20,年代・拡散,オモIの最低年代を再評価,2005年の約19.5万年前という年代が基準として使われた。,化石より上の火山灰を別地域の噴火と対比し、オモIはその噴火より古いと制約した。,火山灰の化学組成対比と40Ar/39Ar年代測定。,最低年代の制約として支持,23.3±2.2万年前は上位の火山灰の年代。化石をちょうど23.3万年前と断定しない。,上位火山灰23.3±2.2万年前より古い。,S33,E17;E23,支持・精密化,https://www.nature.com/articles/s41586-021-04275-8,2026-09-27
E30,2023,2023,P20,起源モデル,弱く構造化された祖先集団モデル,アフリカの深い系統を、長期隔離した未知の旧人との一度の交雑で説明するモデルがあった。,長く遺伝子流動した複数の祖先集団でも現代アフリカ人の変異を説明できると示した。,現代ゲノムを使う複数の人口史モデル比較。,有力な競合モデル,唯一の確定史ではない。追加集団や旧人交雑を併せたモデルも排除していない。,中期更新世以前にさかのぼる集団構造。,S34,E25;E31;E34;E39,新提案・検証中,https://www.nature.com/articles/s41586-023-06055-y,2026-09-27
E31,2023,2023,P20,遺伝学・交雑,約90万年前の極端な人口減少を提案,深い過去の祖先人口規模は現代ゲノムからの推定に不確実性が大きかった。,FitCoal解析が長期間の非常に小さい有効集団サイズを推定し注目を集めた。,現代人ゲノムの対立遺伝子頻度分布。,強い方法論的反論があり未確立,"約1,280は推定有効集団サイズに関わる値で、実際の生存者の人数ではない。",約93万〜81.3万年前の減少を提案。,S35;S38,E33,論争・未解決,https://pubmed.ncbi.nlm.nih.gov/37651513/ | https://academic.oup.com/genetics/article/229/1/iyae192/7925576,2026-09-27
E32,2024,2024,P20,遺伝学・交雑,交雑の有無から、交雑した時期と集団へ,2010年以降、交雑の存在は明確になったが主な出来事の年代には幅があった。,初期サピエンスの古代ゲノムから、現在の非アフリカ系統と共有する主要な交雑時期を絞り込んだ。,ラニスとズラティー・クーンの古代ゲノム。,交雑史の精密化,この研究の約4.5万〜4.9万年前という窓は、あらゆる交雑が一回だけだったという意味ではない。,主要な共有交雑を約4.5万〜4.9万年前に推定。,S37,E19;E26,支持・精密化,https://www.nature.com/articles/s41586-024-08420-x,2026-09-27
E33,2024,2025,P20,方法論,極端なボトルネック説に統計的な反論,"2023年の推定が「人類が約1,280人まで減った」と広く伝えられた。",別手法やシミュレーションは、その急減が解析上の人工的な結果である可能性を指摘。,Deng・Nielsen・Songの再解析・方法比較。,元の強い結論は支持が弱い,一つの推定の批判であり、人類史のあらゆる人口減少を否定したわけではない。,約90万年前についての推定を再評価。,S38,E31,修正・支持低下,https://academic.oup.com/genetics/article/229/1/iyae192/7925576,2026-09-27
E42,2024,2024,P20,方法論,集団構造を省くと交雑を誤推定し得る,単純化したモデルで深い遺伝的枝を旧人交雑と解釈する研究があった。,集団構造を考慮しないモデルが、実際にはない交雑イベントを推定し得ることを示した。,人口史モデルの方法論的検討。,モデル比較上の重要な注意,古代DNAで直接裏づけられたネアンデルタール交雑全体を否定するものではない。,深い祖先史の統計的識別。,S36,E30;E34;E39,方法・研究史,https://www.nature.com/articles/s41559-024-02591-6,2026-09-27
E34,2025,2025,P20,起源モデル,深い分岐と再合流を推定する新モデル,単一集団の人口規模変化だけでは、深いゲノム系統史を十分説明しにくかった。,cobraaモデルは約150万年前の分岐と約30万年前の再合流を含む人口史を支持した。,現代ゲノムの連鎖情報を使う構造化合祖モデル。,査読済みの提案・競合モデルあり,約80対20の寄与はモデル依存の推定。集団の地理や化石種を特定したわけではない。,分岐約150万年前、再合流約30万年前。,S39,E30;E42,新提案・検証中,https://www.nature.com/articles/s41588-025-02117-1,2026-09-27
E35,2025,2025,P20,共通祖先・分類,ハルビン頭蓋とデニソワ人を分子情報で結ぶ,Homo longiの模式頭蓋は、形態から系統的位置が議論されていた。,歯石由来mtDNAがデニソワ人との関係を直接示し、形態名と遺伝的集団の対応が進んだ。,ハルビン頭蓋の歯石から回収した古代mtDNA。,デニソワ人との対応を強く支持,mtDNAによる帰属と、H. longiという種名の適用範囲・全核系統樹は同じ問題ではない。,少なくとも約14.6万年前。,S40,E21;E36;E40,支持・精密化,https://doi.org/10.1016/j.cell.2025.05.040,2026-09-27
E36,2025,2025,P20,共通祖先・分類,鄖県2号をlongi／デニソワ側に置く形態仮説,変形の大きい鄖県頭蓋はホモ・エレクトスとの関係が議論されていた。,仮想復元と形態系統解析から、longi系統の早い成員とする提案が出た。,頭蓋のデジタル復元と系統推定。,仮説・2026年の年代更新で再検討が必要,分子による直接同定ではない。約100万年前という時代設定も翌年の研究で変わった。,当該解析で約100万年前を使用。,S41;S43,E38,新提案・検証中,https://pubmed.ncbi.nlm.nih.gov/40997177/ | https://pubmed.ncbi.nlm.nih.gov/41706848/,2026-09-27
E37,2026,2026,P26,共通祖先・分類,トマ採石場の化石がアフリカの深い根を補強,サピエンスとユーラシア系統の分岐付近のアフリカ化石が乏しかった。,モロッコの顎・歯などを分岐に近いアフリカ系統と解釈し、アフリカ祖先説を補強。,2026年1月7日論文。形態比較と高解像度の古地磁気層序。,新たな重要証拠・系統仮説は検証中,77.3万年前のサピエンス発見ではない。直系祖先や最後の共通祖先と確定していない。,約77.3±0.4万年前。,S42,E22;E28;E36,新提案・検証中,https://www.nature.com/articles/s41586-025-09914-y,2026-09-27
E38,2026,2026,P26,年代・拡散,鄖県の年代を約177万年前に更新,2025年の形態解析では約100万年前が年代の基準だった。,26Al/10Be埋没年代が大きく古い年代を示し、系統樹の時間設定を再検討する必要が生じた。,2026年2月18日公開。地層試料の放射性核種年代。,新年代の提案・系統への影響は未決着,年代更新だけで形態解析の結論が全て否定されたとは言えない。論文はH. erectusとして論じる。,177±8万年前（報告された内部誤差）。,S43,E36,新提案・検証中,https://pubmed.ncbi.nlm.nih.gov/41706848/,2026-09-27
E39,2026,2026,P26,遺伝学・交雑,TRACEが未知の祖先由来の遺伝的寄与を探索,既知の古代ゲノムがない集団からの交雑は同定しにくかった。,古代の参照ゲノムや非交雑外群に依存しない方法が、未知集団由来の候補領域を推定した。,祖先組換えグラフを使うTRACE。Science誌面日2026年8月27日。,新しい推定・独立検証が必要,未知の化石種の発見ではない。集団構造などの代替説明、時期・地域・種の対応は検討対象。,現代ゲノムに残る深い祖先史を推定。,S44;S36,E30;E34;E42,新提案・検証中,https://pubmed.ncbi.nlm.nih.gov/42531349/ | https://www.nature.com/articles/s41559-024-02591-6,2026-09-27
E40,2026,2026,P26,共通祖先・分類,中国南西部の骨・歯をデニソワ人と同定,デニソワ人の確実な分子同定資料はアジアの限られた地点に偏っていた。,雲南省の蝙蝠洞資料を古代タンパク質で同定し、分布と身体資料を拡充。,2026年9月9日公開のNature原著。骨片・歯のプロテオーム解析。,新しい分子同定証拠,この化石個体が現代人の直接の祖先か、どの交雑に関与したかは示さない。,中期更新世後半〜後期更新世の遺跡資料。,S45,E21;E35,新提案・検証中,https://www.nature.com/articles/s41586-026-10976-9,2026-09-27
E41,2026,2026,P26,遠い祖先・初期ヒト属,初期ホモ属の定義と祖先関係はなお未決着,ハビリス→エレクトス→サピエンスという簡単な並びで説明されやすい。,最新総説も、初期ホモの標本帰属・収斂・断片的資料の問題を整理し、一本の確定系譜を提示していない。,2025年研究集会を踏まえた2026年の専門総説。,分類・系統は論争継続,種名の羅列を、証明済みの親子関係として扱わない。,初期ホモ属の出現前後。,S47,E01;E20,論争・未解決,https://onlinelibrary.wiley.com/doi/10.1002/evan.70043,2026-09-27
E44,2026,2026,P26,方法論,現代性と「人類革命」の枠組みも再検討,行動の現代性を一時点の急激な革命として扱う枠組みが残っていた。,2026年総説は年代の精度と「現代性」という概念自体を吟味し、拡散史の解釈を再検討。,考古資料・年代研究の総説。,単一革命モデルへの批判が継続,文化行動の成立と、生物種としてのサピエンスの成立は同じ日付で表せない。,中期〜後期更新世。,S48,E25,論争・未解決,https://www.sciencedirect.com/science/article/pii/S0277379126001903,2026-09-27
