event_id,related_event_id
E01,E20
E01,E41
E02,E08
E03,E18
E03,E41
E04,E03
E05,E03
E05,E18
E06,E08
E06,E19
E07,E14
E07,E19
E08,E10
E08,E19
E08,E25
E09,E26
E09,E32
E10,E19
E10,E21
E11,E08
E11,E12
E12,E19
E13,E27
E14,E07
E14,E19
E15,E18
E16,E17
E16,E23
E43,E24
E17,E29
E18,E03
E18,E15
E19,E08
E19,E10
E19,E12
E19,E32
E21,E35
E21,E40
E20,E01
E20,E41
E22,E27
E22,E37
E23,E25
E23,E29
E24,E28
E25,E06
E25,E30
E25,E34
E26,E09
E26,E32
E27,E13
E27,E22
E28,E24
E28,E37
E29,E17
E29,E23
E30,E25
E30,E31
E30,E34
E30,E39
E31,E33
E32,E19
E32,E26
E33,E31
E42,E30
E42,E34
E42,E39
E34,E30
E34,E42
E35,E21
E35,E36
E35,E40
E36,E38
E37,E22
E37,E28
E37,E36
E38,E36
E39,E30
E39,E34
E39,E42
E40,E21
E40,E35
E41,E01
E41,E20
E44,E25
