id,publication_year,authors,title,organism,organism_group,category,series_id,selection,generations_or_duration,result,limitation,doi,source_url,inclusion_status,evidence_access,intervention,journal,verified_on
EE001,1927,G. D. Karpechenko,The Production of Polyploid Gametes in Hybrids,Raphanus sativus × Brassica oleracea,植物,A,RAPHANOBRASSICA,異属交雑の後代で倍数性と稔性を追跡,複数世代；今回の確認範囲では正確な世代数未確認,非還元配偶子と倍数体後代を通じ、交雑系統が生殖可能になる機構を実験的に扱った。,長期継代選択ではなく人工交雑・倍数化による種形成の歴史的補足。単一祖先からの分岐とは区別。,10.1111/j.1601-5223.1927.tb03536.x,https://doi.org/10.1111/j.1601-5223.1927.tb03536.x,補足,一次論文の書誌・歴史的関連論文,人工交雑・倍数化,Hereditas,2026-09-28
EE002,1950,K. F. Koopman,Natural selection for reproductive isolation between Drosophila pseudoobscura and Drosophila persimilis,Drosophila pseudoobscura / D. persimilis,昆虫,A,KOOPMAN,既存の近縁種を混合した実験集団で異種交配に不利な選択,数世代；正確な世代数未確認,既存種間の交配前隔離が選択によって強まることを示した。,すでに分かれた二種間の隔離の強化であり、新種をゼロから作った実験ではない。,10.1111/j.1558-5646.1950.tb00048.x,https://doi.org/10.1111/j.1558-5646.1950.tb00048.x,補足,一次論文の要旨・本文抜粋,環境選択・継代,Evolution,2026-09-28
EE003,1962,J. M. Thoday; J. B. Gibson,Isolation by Disruptive Selection,Drosophila melanogaster,昆虫,A,THODAY,剛毛数の両極端を選ぶ分断選択と交配の追跡,多世代；正確な世代数未確認,分断選択に伴う交配隔離の成立を報告した古典的実験。,剛毛数の育種そのものではなく交配隔離を対象として採用。一次ページでは詳細な効果量を確認できず、普遍的・再現的な種分化の証明とは扱わない。,10.1038/1931164a0,https://doi.org/10.1038/1931164a0,主収録,一次論文の書誌・公開範囲（詳細限定）,形質への人工選択,Nature,2026-09-28
EE004,1966,T. Dobzhansky; O. Pavlovsky,Spontaneous origin of an incipient species in the Drosophila paulistorum complex,Drosophila paulistorum complex,昆虫,A,PAULISTORUM,実験室維持系統と近縁系統を交配して不和合を検査,1958–1963年に変化が検出された系列；世代数未確認,飼育系統で、以前と異なる交雑不稔の関係が現れたと報告。,種複合体由来の系統であり、初期の遺伝的背景と細胞質・共生要因に注意。核ゲノムだけによる新種成立とは断定しない。,10.1073/pnas.55.4.727,https://pubmed.ncbi.nlm.nih.gov/5219677/,主収録,一次論文書誌・同系列一次論文,環境選択・継代,PNAS,2026-09-28
EE005,1967,T. Dobzhansky; O. Pavlovsky,Experiments on the Incipient Species of the Drosophila paulistorum Complex,Drosophila paulistorum complex,昆虫,A,PAULISTORUM,前報の実験室系統について交配実験を継続,前報からの続報；正確な世代数未確認,実験室で生じた初期的種分化・隔離の交配関係を追跡した。,1966年と同じ研究系列。独立した新種形成の反復成功例としては数えない。,10.1093/genetics/55.1.141,https://pmc.ncbi.nlm.nih.gov/articles/PMC1211364/,主収録,一次論文書誌・本文PDF所在確認（詳細限定）,環境選択・継代,Genetics,2026-09-28
EE006,1971,T. Dobzhansky; O. Pavlovsky,Experimentally Created Incipient Species of Drosophila,Drosophila paulistorum complex,昆虫,A,PAULISTORUM,以前は性的に隔離されていなかった系統間で世代を重ねて選択,多数世代；公開要旨に正確な世代数なし,行動的・性的な生殖隔離を選択によって構築した。,論文自体がincipient species（初期的な種）と表現。1966–1967年系列の続報で、正式な新種命名とは区別。,10.1038/230289a0,https://doi.org/10.1038/230289a0,主収録,一次論文の要旨・本文抜粋,環境選択・継代,Nature,2026-09-28
EE007,1972,K. W. Jeon,Development of cellular dependence on infective organisms: micrurgical studies in amoebas,Amoeba discoides と細胞内細菌,単細胞真核生物＋細菌,C;D,AMOEBA,偶発的な細菌感染を受けたアメーバ系統を実験室で継代；核・細胞質交換で依存性を検査,数年間の維持；世代数未確認,感染後のアメーバが細胞内細菌に依存する状態を獲得したことを示した。,自然感染を出発点とする室内追跡。細胞小器官の誕生や新しい真核生物の創成を示したわけではない。,10.1126/science.176.4039.1122,https://pubmed.ncbi.nlm.nih.gov/5035468/,主収録,一次論文の要旨・本文抜粋,環境選択・継代,Science,2026-09-28
EE008,1974,B. G. Hall; D. L. Hartl,Regulation of newly evolved enzymes. I. Selection of a novel lactase regulated by lactose in Escherichia coli,Escherichia coli（lacZ欠失株）,細菌,C,EBG,乳糖利用能を失った細胞集団から、別の酵素系で増殖できる系統を選択,段階的な選択；総世代数未確認,34の乳糖利用系統を得て、ebg系による乳糖分解と調節を調べた。,生きた細菌の資源利用獲得なので採用。祖先は人工欠失株であり、大腸菌という種に乳糖利用が初めて現れたわけではない。,10.1093/genetics/76.3.391,https://pubmed.ncbi.nlm.nih.gov/4598756/,主収録,一次論文の要旨・本文抜粋,遺伝子欠失を出発点とする細胞選択,Genetics,2026-09-28
EE009,1976,K. W. Jeon,Endosymbiosis in amoebae: recently established endosymbionts have become required cytoplasmic components,アメーバと細胞内細菌,単細胞真核生物＋細菌,C;D,AMOEBA,継代後の共生体を微細操作・電子顕微鏡で検査,1972年の続報；正確な世代数未確認,当初は寄生的だった細菌が宿主の生存に必要な細胞質成分となったことを検証。,細菌を餌として消化した結果とは区別されたが、ミトコンドリア成立全体の再現ではない。,10.1002/jcp.1040890216,https://pubmed.ncbi.nlm.nih.gov/972171/,主収録,一次論文の要旨・本文抜粋,環境選択・継代,Journal of Cellular Physiology,2026-09-28
EE010,1978,B. G. Hall,Experimental evolution of a new enzymatic function. II. Evolution of multiple functions for EBG enzyme in E. coli,Escherichia coli,細菌,C,EBG,複数の糖に対して、細菌の増殖を通じた段階的選択,連続した選択段階；総世代数未確認,祖先のebg酵素で有効に利用できなかった複数のガラクトシドに対応する機能の進化を追跡。,分子活性のみの試験ではなく細胞の選択系列として採用。既存酵素の転用であり無からの酵素創成ではない。,10.1093/genetics/89.3.453,https://pubmed.ncbi.nlm.nih.gov/97169/,主収録,一次論文の要旨・本文抜粋,人工改変祖先からの細胞選択,Genetics,2026-09-28
EE011,1980,G. Kilias; S. N. Alahiotis; M. Pelecanos,A multifactorial genetic investigation of speciation theory using Drosophila melanogaster,Drosophila melanogaster,昆虫,A,KILIAS,異なる温度・湿度などの飼育条件で隔離集団を維持し交配を比較,約5年間；世代数未確認,異なる環境で維持された集団間の性的隔離を報告した。,環境耐性だけでなく隔離を測っているため採用。1982年の訂正がある。詳細な遺伝機構の断定は避ける。,10.1111/j.1558-5646.1980.tb04012.x,https://pubmed.ncbi.nlm.nih.gov/28563991/,主収録,一次書誌・著者公開要旨・同系列一次論文,環境選択・継代,Evolution,2026-09-28
EE012,1987,G. Kilias; S. N. Alahiotis,The effect of metals and alcohol on sexual isolation in Drosophila melanogaster,Drosophila melanogaster,昆虫,A,KILIAS,長期系統を共通環境または化学的選択環境に移して隔離の持続性を比較,起源から12年；共通条件で約2年,性的隔離は共通条件でも持続したが、金属やエタノールを含む環境では大きく減少。,隔離は一度成立すれば不変というわけではない。1980年系列の再評価。,10.1007/BF00056030,https://doi.org/10.1007/BF00056030,主収録,一次論文の要旨・本文抜粋,環境選択・継代,Genetica,2026-09-28
EE013,1989,D. M. B. Dodd,Reproductive isolation as a consequence of adaptive divergence in Drosophila pseudoobscura,Drosophila pseudoobscura,昆虫,A,DODD,デンプン系と麦芽糖系の餌で別々に継代し、交配選好を比較,多世代；世代数の二次資料間の不一致があり本DBでは数値保留,同じ餌環境に適応した集団同士で交配しやすい傾向を報告。,部分的な交配前隔離。完全な交配不能・雑種不稔・正式な新種成立を示した実験ではない。2017年の別種の腸内細菌研究と同一実験ではない。,10.1111/j.1558-5646.1989.tb02577.x,https://academic.oup.com/evolut/article/43/6/1308/6869288,主収録,一次論文書誌・関連一次論文での結果確認,環境選択・継代,Evolution,2026-09-28
EE014,1990,W. R. Rice; G. W. Salt,The evolution of reproductive isolation as a correlated character under sympatric conditions: experimental evidence,Drosophila melanogaster,昆虫,A,RICE_SALT,複雑な生息場所迷路と局所交配を組み合わせ、生息場所選好に分断選択,35世代,異なる時空間的生息場所を選ぶ集団間で、実験条件下の完全な生殖隔離を報告。,親と同じ場所に戻って交配することで移住が減った。強制的に出会わせても交配不能という意味でも、雑種不稔の証明でもない。,10.1111/j.1558-5646.1990.tb05221.x,https://doi.org/10.1111/j.1558-5646.1990.tb05221.x,主収録,一次論文の要旨・本文抜粋,環境選択・継代,Evolution,2026-09-28
EE015,1994,R. F. Rosenzweig; R. R. Sharp; D. S. Treves; J. Adams,Microbial evolution in a simple unstructured environment: genetic differentiation in Escherichia coli,Escherichia coli,細菌,C,ECOLI_CROSSFEED,単純な連続培養系で分化したクローンの資源利用・共存を検査,長期連続培養；正確な世代数未確認,異なる代謝産物の利用により、交差栄養を伴う生態的分化が維持された。,単一資源下でもニッチが生じる例として採用。生殖隔離や新しい化学反応の成立は直接示さない。,10.1093/genetics/137.4.903,https://pmc.ncbi.nlm.nih.gov/articles/PMC1206068/,主収録,一次論文の要旨・本文抜粋,環境選択・継代,Genetics,2026-09-28
EE016,1995,A. Moya; A. Galiana; F. J. Ayala,Founder-effect speciation theory: failure of experimental corroboration,Drosophila pseudoobscura,昆虫,A,FOUNDER_TEST,少数個体による創始と個体群増大を繰り返し隔離を検査,10年間,大規模な検証で、持続的な集団間生殖隔離は確認できなかった。,創始者効果だけで容易に種分化するという予測に対する否定結果。全条件で種分化が不可能という意味ではない。,10.1073/pnas.92.9.3983,https://pubmed.ncbi.nlm.nih.gov/7732017/,否定・再検証,一次論文の要旨・本文抜粋,環境選択・継代,PNAS,2026-09-28
EE017,1998,M. E. Boraas; D. B. Seale; J. E. Boxhorn,Phagotrophy by a flagellate selects for colonial prey: A possible origin of multicellularity,Chlorella vulgaris / Ochromonas vallescia,藻類,B,CHLORELLA,捕食者を導入した連続培養で藻類を継代,100世代未満；8細胞群体の優占は約10–20世代,捕食されにくい安定した群体型が成立し、捕食者のいない培養でも群体形態が維持された。,単純な群体形成であり、複雑な組織分化の誕生ではない。遺伝子レベルの原因は本論文では特定されていない。,10.1023/A:1006527528063,https://www.researchgate.net/publication/263614820_Phagotrophy_by_flagellate_selects_for_colonial_prey_A_possible_origin_of_multicellularity,主収録,著者論文の公開要旨,環境選択・継代,Evolutionary Ecology,2026-09-28
EE018,1998,P. B. Rainey; M. Travisano,Adaptive radiation in a heterogeneous environment,Pseudomonas fluorescens,細菌,C;D,PSEUDOMONAS,空間構造のある培養と構造を制限した培養を比較,短期継代；正確な世代数未確認,同一祖先から異なる場所を利用するニッチ専門型が分化し、競争により多様性が維持。,適応放散の実験であり、生殖隔離に基づく新種の証明ではない。,10.1038/27900,https://doi.org/10.1038/27900,主収録,一次論文の要旨・本文抜粋,環境選択・継代,Nature,2026-09-28
EE019,2002,D. Greig; E. J. Louis; R. H. Borts; M. Travisano,Hybrid speciation in experimental populations of yeast,Saccharomyces cerevisiae × S. paradoxus,酵母,A,HYBRID_YEAST,種間雑種の実験集団を作成・繁殖し稔性を選抜・比較,繁殖選択系列；正確な世代数未確認,雑種内の稔性約82%に対し親種への戻し交配では約7.5%。核型変化も観察。,既存二種の交雑から出発。生殖隔離は強いが戻し交配稔性はゼロではない。論文はhomoploid hybrid speciationと記載し、単純な全ゲノム倍加の例と混同しない。,10.1126/science.1076374,https://pubmed.ncbi.nlm.nih.gov/12459586/,主収録,一次論文の要旨・本文抜粋,人工種間交雑・選択,Science,2026-09-28
EE020,2004,M. L. Friesen; G. Saxer; M. Travisano; M. Doebeli,Experimental evidence for sympatric ecological diversification due to frequency-dependent competition in Escherichia coli,Escherichia coli,細菌,C;D,FREQUENCY_ECOLI,複数資源を含む環境で同一祖先集団を進化させ頻度依存競争を検査,多世代継代；正確な世代数未確認,単一祖先から資源利用戦略の分化と安定した多型を形成。,生態的分化を直接扱うため採用。無性交代中心の細菌で交配隔離を証明したわけではない。,10.1111/j.0014-3820.2004.tb01642.x,https://pubmed.ncbi.nlm.nih.gov/15068343/,主収録,一次論文の要旨・本文抜粋,環境選択・継代,Evolution,2026-09-28
EE021,2006,J.-Y. Leu; A. W. Murray,Experimental evolution of mating discrimination in budding yeast,Saccharomyces cerevisiae,酵母,A,MATING_YEAST,望ましい相手との交配を有利にする選択を反復,反復交配選択；正確な世代数未確認,交配相手の識別が進化し、同類交配の実験モデルを得た。,交配への直接的な人工選択。自然環境への適応だけで隔離が副産物として生じた証明ではない。,10.1016/j.cub.2005.12.028,https://pubmed.ncbi.nlm.nih.gov/16461281/,主収録,一次論文の要旨・本文抜粋,交配への直接選択,Current Biology,2026-09-28
EE022,2007,J. R. Dettman; C. Sirjusingh; L. M. Kohn; J. B. Anderson,Incipient speciation by divergent adaptation and antagonistic epistasis in yeast,Saccharomyces cerevisiae,酵母,A,DETTMAN_YEAST,高塩分と低グルコース環境に独立適応させ、系統間雑種を作成,多世代継代；正確な世代数未確認,異環境由来の雑種で有糸分裂増殖と減数分裂生殖の効率が低下。,部分的な接合後隔離。単なる耐塩性向上ではなく、雑種不利益が採用理由。,10.1038/nature05856,https://pubmed.ncbi.nlm.nih.gov/17538619/,主収録,一次論文の要旨・本文抜粋,環境選択・継代,Nature,2026-09-28
EE023,2007,S. Duffy; C. L. Burch; P. E. Turner,Evolution of host specificity drives reproductive isolation among RNA viruses,RNAバクテリオファージ φ6,ファージ,A;C,PHI6,新しい宿主上で4集団を進化させ宿主範囲と遺伝子交流の機会を検査,150世代,4集団のうち3集団が代替宿主の一部を使えなくなり、宿主特殊化が共感染と遺伝子交流を制限。,ウイルスの隔離は交尾ではなく共感染・遺伝子交換で定義。新宿主を使える祖先からの特殊化と獲得の瞬間を区別。,10.1111/j.1558-5646.2007.00226.x,https://pubmed.ncbi.nlm.nih.gov/17908251/,主収録,一次論文の要旨・本文抜粋,環境選択・継代,Evolution,2026-09-28
EE024,2008,J. R. Dettman et al.,Divergent adaptation promotes reproductive isolation among experimental populations of the filamentous fungus Neurospora,Neurospora（N. crassa / N. intermedia由来を含む）,その他の菌類,A,NEUROSPORA,異なる環境と遺伝子流動条件で系統を選択し有性生殖を比較,反復継代；正確な世代数未確認,同じ環境に適応した組合せに比べ、異なる環境の系統間で有性生殖成功が低下。,既存の種間変異を含む創始集団がある。全ての不和合が新規突然変異だけで生じたとは言えない。,10.1186/1471-2148-8-35,https://pmc.ncbi.nlm.nih.gov/articles/PMC2270261/,主収録,一次論文の要旨・本文抜粋,環境選択・継代,BMC Evolutionary Biology,2026-09-28
EE025,2008,Z. D. Blount; C. Z. Borland; R. E. Lenski,Historical contingency and the evolution of a key innovation in an experimental population of Escherichia coli,Escherichia coli,細菌,C;D,LTEE_CIT,1988年開始の長期継代実験と凍結祖先からの再演,"約31,500世代以降にCit+検出",祖先が使えなかった好気条件のクエン酸を利用する形質が一系列で成立。,クエン酸利用は条件依存の新機能であり、全く新しい化学反応の創出とは違う。Cit+だけで新種と認定しない。,10.1073/pnas.0803151105,https://pmc.ncbi.nlm.nih.gov/articles/PMC2430337/,主収録,一次論文の要旨・本文抜粋,環境選択・継代,PNAS,2026-09-28
EE026,2010,J. B. Anderson et al.,Determinants of divergent adaptation and Dobzhansky-Muller interaction in experimental yeast populations,Saccharomyces cerevisiae,酵母,A,DETTMAN_YEAST,2007年系列のゲノム配列と変異再構成を解析,2007年実験の機構解析,適応変異と、その組合せが雑種に不利となる遺伝的相互作用を結び付けた。,独立した種分化実験ではなく同一系列の機構的裏付け。,10.1016/j.cub.2010.06.022,https://pmc.ncbi.nlm.nih.gov/articles/PMC2938792/,主収録,一次論文の要旨・本文抜粋,環境選択・継代,Current Biology,2026-09-28
EE027,2010,M. Marchetti et al.,Experimental Evolution of a Plant Pathogen into a Legume Symbiont,Ralstonia solanacearum / Mimosa pudica,細菌＋植物,C;D,RALSTONIA_SYMBIOSIS,共生プラスミド導入後、植物を通じて細菌を選択,植物を用いた反復選択；総世代数未確認,病原細菌の系統が根粒形成と細胞内感染という共生関連形質を獲得。,外来共生遺伝子を導入済み。窒素固定による植物への利益まで成立したとはしない。,10.1371/journal.pbio.1000280,https://pmc.ncbi.nlm.nih.gov/articles/PMC2796954/,主収録,一次論文の要旨・本文抜粋,共生プラスミド導入＋継代選択,PLOS Biology,2026-09-28
EE028,2010,W. Harcombe,Novel cooperation experimentally evolved between species,Escherichia coli / Salmonella enterica,細菌,C;D,HARCOMBE,資源の授受が可能な空間環境で異種細菌を共培養・選択,反復選択；総世代数未確認,一方への資源供与が他方からの利益で支えられる新しい異種間協力が進化。,栄養要求株・変異誘発を用いた設計。完全に未操作の野生型からの共生誕生ではない。,10.1111/j.1558-5646.2010.00959.x,https://doi.org/10.1111/j.1558-5646.2010.00959.x,主収録,一次論文の要旨・本文抜粋,栄養要求株・変異誘発＋共培養選択,Evolution,2026-09-28
EE029,2010,K. L. Hillesland; D. A. Stahl,Rapid evolution of stability and productivity at the origin of a microbial mutualism,Desulfovibrio vulgaris / Methanococcus maripaludis,細菌＋古細菌,C;D,SYNTROPHY,環境によって相互依存を強制した24共培養系を継代,300群集倍加,新たに組み合わせた細菌・古細菌の相互栄養系で安定性と生産性が進化。,依存関係の必要条件は実験者が設定。新しい代謝経路の自然発生ではなく共生成立初期の適応として補足。,10.1073/pnas.0908456107,https://pubmed.ncbi.nlm.nih.gov/20133857/,補足,一次論文の要旨・本文抜粋,環境選択・継代,PNAS,2026-09-28
EE030,2010,G. Sharon et al.,Commensal bacteria play a role in mating preference of Drosophila melanogaster,Drosophila melanogaster と腸内細菌,昆虫＋細菌,A,MICROBIOME_MATING,餌別に飼育し、抗生物質処理と細菌再導入で交配選好を検査,1世代で出現；少なくとも37世代維持と報告,餌と腸内細菌に依存する同類交配を報告。,宿主ゲノムの進化と即時の微生物効果を分離できない。2013年統計訂正、2017年再現失敗、2018年応答があり、確立した種分化例に数えない。,10.1073/pnas.1009906107,https://pubmed.ncbi.nlm.nih.gov/21041648/,補足,一次論文の要旨・本文抜粋,環境選択・継代,PNAS,2026-09-28
EE031,2012,W. C. Ratcliff; R. F. Denison; M. Borrello; M. Travisano,Experimental evolution of multicellularity,Saccharomyces cerevisiae,酵母,B;D,SNOWFLAKE,沈降の速い細胞集団を繰り返し選択,60日以内；2実験で計15集団,細胞分裂後に娘細胞が残る雪片型集団が進化し、集団の成長・断片による繁殖・細胞死との関係を観察。,単なる細胞凝集とは区別。細胞死を分業の初期段階と解釈するが、動物のような多様な組織分化の完成ではない。,10.1073/pnas.1115323109,https://pmc.ncbi.nlm.nih.gov/articles/PMC3277146/,主収録,一次論文の要旨・本文抜粋,環境選択・継代,PNAS,2026-09-28
EE032,2012,J. R. Meyer et al.,Repeatability and Contingency in the Evolution of a Key Innovation in Phage Lambda,バクテリオファージ λ / Escherichia coli,ファージ,C,LAMBDA,細菌とファージを共進化させ感染経路の変化を追跡,日単位の継代；総世代数未確認,従来のLamBに加え、OmpFを利用する感染経路が進化。,受容体利用の革新であり、別の動物種への宿主転換や人への感染獲得ではない。,10.1126/science.1214449,https://pmc.ncbi.nlm.nih.gov/articles/PMC3306806/,主収録,一次論文の要旨・本文抜粋,環境選択・継代,Science,2026-09-28
EE033,2012,Z. D. Blount; J. E. Barrick; C. J. Davidson; R. E. Lenski,Genomic analysis of a key innovation in an experimental Escherichia coli population,Escherichia coli,細菌,C;D,LTEE_CIT,長期実験の凍結試料のゲノム解析と進化再演,"30,000世代超に及ぶ系列の解析",好気的クエン酸利用（Cit+）の成立を解析。遺伝子重複に伴うプロモーターの取り込みで輸送体が好気条件で発現することを示した。,2008年発表と同じ革新の機構解析。既存の輸送・代謝機構の再配置が中心。,10.1038/nature11514,https://doi.org/10.1038/nature11514,主収録,一次論文の要旨・本文抜粋,環境選択・継代,Nature,2026-09-28
EE034,2013,W. C. Ratcliff et al.,Experimental evolution of an alternating uni- and multicellular life cycle in Chlamydomonas reinhardtii,Chlamydomonas reinhardtii,藻類,B;D,CHLAMY_SETTLING,沈降選択を繰り返し群体の繁殖過程を追跡,反復継代；正確な世代数未確認,集団成長期と、運動性の単細胞繁殖体による分散期を交互に持つ生活環が成立。,全処理集団で同じ結果が得られたわけではない。複雑な器官の成立ではなく生活環の移行。,10.1038/ncomms3742,https://pmc.ncbi.nlm.nih.gov/articles/PMC3831279/,主収録,一次論文の要旨・本文抜粋,環境選択・継代,Nature Communications,2026-09-28
EE035,2014,K. Hammerschmidt; C. J. Rose; B. Kerr; P. B. Rainey,"Life cycles, fitness decoupling and the evolution of multicellularity",Pseudomonas fluorescens,細菌,B;D,PSEUDOMONAS,集団の存続を選び、協力しない型を含む・除く生活環を比較,複数の集団生活環；細胞世代数未確認,協力しない型を繁殖段階に組み込む生活環と、細胞適応度からの集団適応度の分離を示した。,実験者が生活環と集団選択を支える。自然界で自律した複雑な多細胞体全体を再現したものではない。,10.1038/nature13884,https://doi.org/10.1038/nature13884,主収録,一次論文の要旨・本文抜粋,集団選択・生活環の実験的支持,Nature,2026-09-28
EE036,2014,K. L. Hillesland et al.,Erosion of functional independence early in the evolution of a microbial mutualism,Desulfovibrio vulgaris / Methanococcus maripaludis,細菌＋古細菌,C;D,SYNTROPHY,相互栄養を必要とする共培養を長期継代,"1,000世代",細菌が硫酸呼吸能力を失う変異を獲得し、機能的な独立性が低下。,新機能の追加ではなく、喪失による依存の固定化。古細菌が新種化した証拠ではない。,10.1073/pnas.1407986111,https://pmc.ncbi.nlm.nih.gov/articles/PMC4205623/,主収録,一次論文の要旨・本文抜粋,環境選択・継代,PNAS,2026-09-28
EE037,2015,W. C. Ratcliff et al.,Origins of multicellular evolvability in snowflake yeast,Saccharomyces cerevisiae,酵母,B;D,SNOWFLAKE,雪片型の遺伝基盤・集団形質の遺伝と選択応答を検査,既存進化系列の解析；正確な世代数未確認,クローン的発生と集団形質の遺伝が多細胞レベルの進化可能性を支えることを示した。,新しい独立の多細胞化事例というより、雪片型が選択単位になる仕組みの続報。,10.1038/ncomms7102,https://doi.org/10.1038/ncomms7102,主収録,一次論文の要旨・本文抜粋,環境選択・継代,Nature Communications,2026-09-28
EE038,2015,D. M. Castillo; M. K. Burger; C. M. Lively; L. F. Delph,"Experimental evolution: Assortative mating and sexual selection, independent of local adaptation, lead to reproductive isolation in the nematode Caenorhabditis remanei",Caenorhabditis remanei,線虫,A,REMANEI,2環境で進化させ、局所適応、交配選好、雑種適応度を比較,100世代；30・64・100世代等で検査,同一反復集団の相手を選ぶ交配前隔離と、一部交配で接合後隔離を観察。,交配前隔離は環境への局所適応と同期せず、性相互作用の分化が重要。完全な新種成立とはしない。,10.1111/evo.12815,https://pubmed.ncbi.nlm.nih.gov/26542312/,主収録,一次論文の要旨・本文抜粋,環境選択・継代,Evolution,2026-09-28
EE039,2016,J. R. Meyer et al.,Ecological speciation of bacteriophage lambda in allopatry and sympatry,バクテリオファージ λ,ファージ,A;C,LAMBDA,LamBまたはOmpFを持つ宿主を別々・同時に与えて継代,反復継代；正確な世代数未確認,受容体選好の異なる系統が分岐し、一部で遺伝的不和合による生殖隔離が進化。,反復間で分化程度が異なる。ウイルスでの遺伝子交流を用いた種概念であり、正式な分類名とは別。2012年の機能獲得と関連する系列。,10.1126/science.aai8446,https://pubmed.ncbi.nlm.nih.gov/27884940/,主収録,一次論文の要旨・本文抜粋,環境選択・継代,Science,2026-09-28
EE040,2016,K. C. King et al.,Rapid evolution of microbe-mediated protection against pathogens in a worm host,Enterococcus faecalis / Caenorhabditis elegans,細菌＋線虫,C,DEFENSIVE_MICROBE,線虫内で微生物間競争を伴う継代選択,反復宿主継代；世代数未確認,弱い病原性を持つ細菌が、より強い病原体に対して宿主を保護する機能を進化させた。,保護は競争相手がいる文脈に依存。常に相利的な必須共生や新種化ではない。,10.1038/ismej.2015.259,https://doi.org/10.1038/ismej.2015.259,主収録,一次論文の要旨・本文抜粋,環境選択・継代,The ISME Journal,2026-09-28
EE041,2017,P. T. Leftwich; N. V. E. Clarke; M. I. Hutchings; T. Chapman,Gut microbiomes and reproductive isolation in Drosophila,Drosophila melanogaster,昆虫＋細菌,A,MICROBIOME_MATING,餌と腸内微生物を変え、交配選好を再検証,世代を重ねた比較；正確な世代数未確認,腸内細菌の差は得たが、餌・細菌に対応する以前の同類交配パターンは再現しなかった。,Sharon 2010への検証であり、Dodd 1989の別種実験を直接否定したと読み替えない。2018年に訂正・著者間応答あり。,10.1073/pnas.1708345114,https://pmc.ncbi.nlm.nih.gov/articles/PMC5715749/,否定・再検証,一次論文の要旨・本文抜粋,環境選択・継代,PNAS,2026-09-28
EE042,2019,M. D. Herron et al.,De novo origins of multicellularity in response to predation,Chlamydomonas reinhardtii / Paramecium tetraurelia,藻類,B;D,CHLAMY_PREDATION,捕食者のある環境と非選択対照で世代を追跡,約750無性世代,5実験集団中2集団で、対照にない多細胞構造が進化。細胞数と繁殖体の大きさに異なる生活環を得た。,捕食による初期多細胞化を支持。複雑な分業・器官の成立ではなく、全反復で必然的に起こるわけでもない。,10.1038/s41598-019-39558-8,https://doi.org/10.1038/s41598-019-39558-8,主収録,一次論文の要旨・本文抜粋,環境選択・継代,Scientific Reports,2026-09-28
EE043,2019,S. M. Villa et al.,Rapid experimental evolution of reproductive isolation from a single natural population,Columbicola columbae（羽毛シラミ）,昆虫,A,LICE,大きさの異なる飼育ハトへ寄生虫を移し世代交代させる,4年・約60世代,宿主体サイズへの適応がシラミのサイズ分化を生み、機械的な交配隔離と雄間競争に結び付いた。,体サイズ選択だけなら除外だが、隔離を直接検査したため採用。完全な隔離ではなく、野外観察のみでもない。,10.1073/pnas.1901247116,https://pmc.ncbi.nlm.nih.gov/articles/PMC6613143/,主収録,一次論文の要旨・本文抜粋,環境選択・継代,PNAS,2026-09-28
EE044,2019,S. Gleizer et al.,Conversion of Escherichia coli to Generate All Biomass Carbon from CO2,Escherichia coli,細菌,C;D,AUTOTROPHY,炭素固定系などの遺伝子導入・代謝改変後に継代選択,長期培養選択；正確な世代数未確認,菌体炭素をCO2から得る増殖様式へ転換し、同位体によって炭素源を検証。,人工設計と進化の組合せ。エネルギー・還元力にはギ酸を利用し、CO2だけからエネルギーも得るわけではない。未操作祖先の自然発生的独立栄養化ではない。,10.1016/j.cell.2019.11.009,https://pmc.ncbi.nlm.nih.gov/articles/PMC6904909/,主収録,一次論文の要旨・本文抜粋,代謝経路導入・改変＋継代選択,Cell,2026-09-28
EE045,2022,O. Dudin; S. Wielgoss; A. M. New; I. Ruiz-Trillo,Regulation of sedimentation rate shapes the evolution of multicellularity in a close unicellular relative of animals,Sphaeroforma arctica,単細胞真核生物,B;D,SPHAEROFORMA,沈降の速い型を選択し、細胞集団形成と遺伝性を検証,56継代・8週間；約364核世代,細胞接着・集塊形成が複数系列で進化し、遺伝可能な沈降形質と多細胞表現型を得た。,核分裂の世代数は個体・集団の繁殖世代数と同じではない。動物そのものの多細胞化の完全再演ではない。,10.1371/journal.pbio.3001551,https://doi.org/10.1371/journal.pbio.3001551,主収録,一次論文の要旨・本文抜粋,環境選択・継代,PLOS Biology,2026-09-28
EE046,2023,G. O. Bozdag et al.,De novo evolution of macroscopic multicellularity,Saccharomyces cerevisiae（雪片型）,酵母,B;D,MULTEE,既存の雪片型集団から大きな集団サイズを選択し代謝条件を比較,"600日次継代・約3,000世代",一部の代謝条件で肉眼的な大きさの強固な集団が進化。細胞形状や絡み合いが大型化に寄与。,開始時点ですでに単純な多細胞型。単細胞から肉眼的個体までを本論文だけで一段階に再現したものではない。,10.1038/s41586-023-06052-1,https://pmc.ncbi.nlm.nih.gov/articles/PMC10425966/,主収録,一次論文の要旨・本文抜粋,環境選択・継代,Nature,2026-09-28
EE047,2023,Y. Chavhan; S. Dey; P. A. Lind,Bacteria evolve macroscopic multicellularity by the genetic assimilation of phenotypically plastic cell clustering,Escherichia coli,細菌,B;D,BACTERIAL_ASSIMILATION,環境誘導される細胞集塊を出発点に継代選択,反復継代；正確な世代数未確認,誘導条件なしでも巨視的集塊を作る形質が遺伝的に固定され、細胞壁関連変異が対応。,環境可塑性の遺伝的同化。未分化の集団であり、高度な組織分業や新種としての隔離は未実証。,10.1038/s41467-023-39320-9,https://doi.org/10.1038/s41467-023-39320-9,主収録,一次論文の要旨・本文抜粋,環境選択・継代,Nature Communications,2026-09-28
EE048,2024,S.-K. Hsu et al.,Reproductive isolation arises during laboratory adaptation to a novel hot environment,Drosophila simulans,昆虫,A,HOT_DROSOPHILA,高温への適応系列を祖先および同じ条件の反復集団と交配比較,100世代超,祖先と高温適応系統間の同類交配を確認。同環境反復間では交配後隔離の可能性を示す結果。,交配前隔離と交配後隔離の証拠の強さが異なる。後者の機構は突然変異順序・system drift等の仮説を区別できていない。,10.1186/s13059-024-03285-9,https://doi.org/10.1186/s13059-024-03285-9,主収録,一次論文の要旨・本文抜粋,環境選択・継代,Genome Biology,2026-09-28
EE049,2024,R. M. Pineau; E. Libby; D. Demory et al.,Emergence and maintenance of stable coexistence during a long-term multicellular evolution experiment,Saccharomyces cerevisiae（雪片型）,酵母,B;C,MULTEE,増殖と集団サイズの双方に選択がかかる長期継代,715日次継代,単一の多細胞祖先から、異なるニッチに特化して安定共存する系統が分岐。,新しい生態的分化だが、交配隔離の成立を直接示してはいない。MuLTEEの続報。,10.1038/s41559-024-02367-y,https://pmc.ncbi.nlm.nih.gov/articles/PMC11090753/,主収録,一次論文の要旨・本文抜粋,環境選択・継代,Nature Ecology & Evolution,2026-09-28
EE050,2024,R. M. Pineau et al.,Experimental evolution of multicellularity via cuboidal cell packing in fission yeast,Schizosaccharomyces pombe（球状細胞系統）,酵母,B;D,FISSION_YEAST,球状の分裂酵母モデルで沈降選択を反復,334日次継代；5反復集団,立方体状の細胞配置をもつ多細胞形態と、そのサイズ・形態の進化を追跡。,出芽酵母とは異なる形態での移行。使用祖先の形態・改変背景を踏まえ、全ての分裂酵母で同じ移行が起こるとはしない。,10.1093/evlett/qrae024,https://pmc.ncbi.nlm.nih.gov/articles/PMC11827335/,主収録,一次論文の要旨・本文抜粋,環境選択・継代,Evolution Letters,2026-09-28
EE051,2024,G. H. Giger et al.,Inducing novel endosymbioses by implanting bacteria in fungi,Rhizopus microsporus / Mycetohabitans rhizoxinica（ほか導入比較）,その他の菌類＋細菌,C;D,FUNGAL_ENDOSYMBIOSIS,細菌を菌類細胞内へ人工導入し、継承される組合せを継代選択,複数回の胞子継代；第7回の系統解析を含む,新しい宿主組合せで細胞内共生が継承・安定化し、宿主の遺伝的変化と関連。,物理的な導入と正の選択に依存。自由生活からの自然侵入や細胞小器官化までを再現したものではない。,10.1038/s41586-024-08010-x,https://pmc.ncbi.nlm.nih.gov/articles/PMC11560845/,主収録,一次論文の要旨・本文抜粋,細胞内人工移植＋継代選択,Nature,2026-09-28
EE052,2025,K. Tong; S. Datta et al.,Genome duplication in a long-term multicellularity evolution experiment,Saccharomyces cerevisiae（雪片型）,酵母,B;D,MULTEE,大型化選択下でゲノム倍数性と形態進化を長期追跡,MuLTEE長期系列；総世代数は本DBで未確定,二倍体から四倍体への全ゲノム重複が繰り返し生じ、多細胞サイズの進化とその後の変異可能性を支えた。,全ゲノム重複を検出したことだけで生殖隔離・新種成立と判定しない。既存の雪片型からの進化。,10.1038/s41586-025-08689-6,https://doi.org/10.1038/s41586-025-08689-6,主収録,一次論文の要旨・本文抜粋,環境選択・継代,Nature,2026-09-28
EE053,2025,D. P. Bendixsen et al.,Reproductive Isolation due to Divergent Ecological Selection Is Accompanied by Vast Genomic Instability in Experimentally Evolved Yeast Populations,Saccharomyces cerevisiae,酵母,A,BENDIXSEN,塩・エタノール・酢酸リチウム等の異なる環境と並行環境で進化させ、経時的に交配,"最大1,000無性世代",異環境適応に伴う部分的な接合後隔離を配偶子生存率で確認し、ゲノム不安定性を併せて解析。,部分的隔離であり完全な新種誕生とはしない。多様な二倍体創始集団を使用。オンライン公表2025年9月17日、巻号は11月。,10.1111/mec.70110,https://pmc.ncbi.nlm.nih.gov/articles/PMC12617035/,主収録,一次論文の要旨・本文抜粋,環境選択・継代,Molecular Ecology,2026-09-28
EE054,2026,G. Kurita; K. A. Adachi; K. Uesaka; G. Goshima,Genetic switch between unicellularity and multicellularity in marine yeasts,Hortaea werneckii / Neodothiora pruni,酵母,B;D,MARINE_YEAST,栄養応答性の多細胞化、遺伝子欠失、実験進化等で得た変異を解析,継代条件・正確な世代数は今回未確認,Myb等の調節系と第二部位変異による、単細胞性・多細胞性の喪失・回復を解明。,祖先がすでに任意的多細胞性を持つ。実験進化由来変異と直接改変の寄与を本調査で完全には分離できないため補足扱い。2026年の新規de novo多細胞化成功として数えない。,10.1038/s41586-025-09881-4,https://doi.org/10.1038/s41586-025-09881-4,補足,一次論文要旨・図説明・補足資料一覧（方法詳細未確認）,遺伝子改変・実験進化・機能検証の併用,Nature,2026-09-28
