study_id,source_id,relation
EE030,X001,統計解析の訂正
EE041,X001,統計解析の訂正
EE030,X002,訂正の所在
EE041,X002,訂正の所在
EE030,X003,原報側の応答
EE041,X003,原報側の応答
EE011,X004,訂正の所在
EE012,X004,訂正の所在
EE032,X005,著者の実験データと要旨
EE039,X005,著者の実験データと要旨
EE001,S001,主要一次資料
EE002,S002,主要一次資料
EE003,S003,主要一次資料
EE004,S004,主要一次資料
EE005,S005,主要一次資料
EE006,S006,主要一次資料
EE007,S007,主要一次資料
EE008,S008,主要一次資料
EE009,S009,主要一次資料
EE010,S010,主要一次資料
EE011,S011,主要一次資料
EE012,S012,主要一次資料
EE013,S013,主要一次資料
EE014,S014,主要一次資料
EE015,S015,主要一次資料
EE016,S016,主要一次資料
EE017,S017,主要一次資料
EE018,S018,主要一次資料
EE019,S019,主要一次資料
EE020,S020,主要一次資料
EE021,S021,主要一次資料
EE022,S022,主要一次資料
EE023,S023,主要一次資料
EE024,S024,主要一次資料
EE025,S025,主要一次資料
EE026,S026,主要一次資料
EE027,S027,主要一次資料
EE028,S028,主要一次資料
EE029,S029,主要一次資料
EE030,S030,主要一次資料
EE031,S031,主要一次資料
EE032,S032,主要一次資料
EE033,S033,主要一次資料
EE034,S034,主要一次資料
EE035,S035,主要一次資料
EE036,S036,主要一次資料
EE037,S037,主要一次資料
EE038,S038,主要一次資料
EE039,S039,主要一次資料
EE040,S040,主要一次資料
EE041,S041,主要一次資料
EE042,S042,主要一次資料
EE043,S043,主要一次資料
EE044,S044,主要一次資料
EE045,S045,主要一次資料
EE046,S046,主要一次資料
EE047,S047,主要一次資料
EE048,S048,主要一次資料
EE049,S049,主要一次資料
EE050,S050,主要一次資料
EE051,S051,主要一次資料
EE052,S052,主要一次資料
EE053,S053,主要一次資料
EE054,S054,主要一次資料
